date,time,white,black,white_elo,black_elo,result,time_control,eco,opening,termination,moves_san
2025.09.30,15:54:25,RhysLWells,Vemururajesh,896,918,0-1,300,B01,,Vemururajesh won on time,e4 d5 exd5 Qxd5 Nc3 Qe5+ Nge2 Bg4 g3 Bxe2 Nxe2 c6 Bg2 e6 d3 a6 Bf4 Qa5+ c3 Nd7 b4 Qb6 Be3 Qc7 Bf4 Qc8 Nd4 h6 Qe2 Ndf6 O-O Nd5 Bd2 Ngf6 Bxd5 cxd5 Rfe1 Be7 Nf5 Qc7 Nxe7 Qxe7 c4 O-O Bc3 Rfc8 Rac1 dxc4 dxc4 Rc6 Red1 Rac8 c5 R8c7 a4 Rd7 Rxd7 Qxd7 Rd1 Qe7 Rd3 Nd5 Be1 Qg5 Kh1 Qf5 Rf3 Qg6 Bd2 Qc2 b5 axb5 axb5 Rxc5 b6 Qb1+ Kg2 Rb5 Be3 Qb2 Qxb2 Rxb2 Bd4 Nxb6 Bxb6 Rxb6 h4 Rb2 Rc3 Re2 Kf3 Re3+ Kxe3 Kh7 Ke4 f6 Kf3 e5 Rc7 Kg6
2025.09.30,14:32:34,8stickyrice,RhysLWells,922,904,1-0,300,C00,,8stickyrice won by checkmate,e4 e6 Nf3 Nc6 e5 Bc5 d4 Bb6 c4 d5 c5 Ba5+ Bd2 Bxd2+ Qxd2 b6 b4 Nge7 Ng5 Nf5 Bb5 Bb7 Bxc6+ Bxc6 O-O h6 Nf3 Bb5 Re1 O-O Qf4 bxc5 bxc5 Rb8 Nbd2 Bd3 Nb3 g6 g4 Nh4 Qxh6 Nxf3+ Kg2 Nxe1+ Rxe1 Be4+ f3 Bc2 h4 Bxb3 axb3 Rxb3 h5 Rb2+ Kg3 Rh2 Kxh2 Qh4+ Kg2 Qxe1 hxg6 Qe2+ Kg3 Qe1+ Kg2 Qe2+ Kg3 Qf1 Qh7#
2025.09.30,08:43:09,RhysLWells,Heizennbergg,912,908,0-1,300,B01,,Heizennbergg won on time,e4 d5 exd5 Nf6 c4 Nxd5 cxd5 Qxd5 Nc3 Qe5+ Be2 Bg4 f3 Bh5 Qc2 Bg6 d3 Nc6 g3 Nd4 Qa4+ c6 Bf4 Qc5 Rc1 Nxe2 Ngxe2 Bxd3 Ne4 Qb5 Nc5 Bxe2 Qxb5 Bxb5 Nxb7 e6 Bd6 Bxd6 Nxd6+ Ke7 Nxb5 cxb5 O-O Rhd8 Rc7+ Kf8 Rfc1 a6 R1c6 a5 Kg2 Rd2+ Kh3 Rxb2 Kg4 Rxa2 Kf4 Ra4+ Ke5 Ra3 f4 Re3+ Kd4 Re2 h4 Re1 Kc3 b4+ Kb3 Rb1+ Ka4 Ra1+ Kb3 Rb8 Rc1 Ra3+ Kb2 a4 Rc8+ Rxc8 Rxc8+ Ke7 Rc4 Rb3+ Ka2 Rxg3 Rxb4 a3 Rb7+ Kf6 h5 h6 f5 Rf3 Ra7 Kxf5 Rxf7+ Ke4 Rxg7 Rf5 Re7 Ke5 Kxa3 Rxh5 Ra7 Kf6 Kb4 e5 Ra6+ Kf5 Ra5 Rh4+ Kc3 Kf4 Ra4+ e4 Kd2 Rh3 Ke2 h5
2025.09.30,08:33:22,Criistiaaan,RhysLWells,915,921,1-0,300,D02,,Criistiaaan won by checkmate,d4 e6 Nf3 d5 e3 Nc6 c4 a6 a3 b6 Nc3 Nf6 Bd3 g6 O-O Bg7 Re1 O-O e4 dxe4 Nxe4 Nxe4 Bxe4 Nxd4 Nxd4 Rb8 Nc6 Qxd1 Rxd1 Bb7 Nxb8 Bxe4 f3 Bb7 Nd7 Re8 Bf4 c5 Nxb6 Bxb2 Ra2 Bd4+ Kh1 e5 Bg5 Kg7 h3 f6 Bh4 g5 Bg3 Bc6 Re2 a5 h4 h6 hxg5 hxg5 Bf2 Bxf2 Rxf2 a4 Rd6 Bb7 Rd7+ Kg6 Rxb7 Rh8+ Kg1 Kf5 g4+ Kf4 Nd5+ Kg3 Nxf6 Rh1+ Kxh1 Kxf2 Rb5 Kxf3 Rxc5 e4 Re5 e3 Rxe3+ Kxe3 c5 Kd4 c6 Kc4 c7 Kb3 c8=Q Kxa3 Qc3+ Ka2 Qd2+ Kb3 Qxg5 a3 Qc1 a2 Qa1 Ka3 g5 Kb3 g6 Ka3 g7 Kb3 g8=Q+ Ka3 Qg3+ Kb4 Qd4+ Kb5 Qge5+ Kc6 Qdd6+ Kb7 Qee7+ Ka8 Qdd8#
2025.09.30,08:30:45,RhysLWells,ClouD2103,930,912,1-0,300,C00,,RhysLWells won by resignation,e4 e6 Nf3 Bc5 d4 Bb6 c3 d5 Nbd2 Nc6 Bd3 Na5 b3 c5 Ba3 cxd4 cxd4 Nc6 Bb2 Nb4 Bb5+ Bd7 Bxd7+ Qxd7 Ne5 Qb5 a3 Nd3+ Kf1 Nxb2+ Qe2 Nd1 Qxb5+
2025.09.29,20:32:41,RhysLWells,GrindelwaldTR,922,943,0-1,300,B22,,GrindelwaldTR won by resignation,e4 c5 Nf3 Nc6 Bc4 e5 c3 Nf6 d3 d6 Bb5 Be6 Nbd2 a6 Bxc6+ bxc6 Nb3 Rb8 Qe2 d5 c4 Bd6 exd5 cxd5 Bg5 dxc4 dxc4 Rb4 Nfd2 Bg4 f3 Bf5 O-O O-O a3 Rb7 Ne4 Rxb3 Rfd1 Rb6 Nxf6+ gxf6 Be3 Qe7 Qf2 Kh8 Qg3 Rg8 Qf2 Bh3 g3 e4 f4 Qc7 Rd2 a5 Rad1 Be7 f5 Bd6 Rxd6 Rxd6 Bxc5 Rxd1+
2025.09.29,20:24:19,rhaycatz,RhysLWells,949,930,1-0,300,C01,,rhaycatz won by checkmate,e4 e6 d4 d5 exd5 Qxd5 Nf3 Nc6 g3 f6 Bg2 Qd8 O-O b6 c3 Bb7 Nbd2 Bd6 Ne4 Nge7 Re1 f5 Nxd6+ Qxd6 Bf4 Qd7 Ne5 Nxe5 Bxb7 Rd8 Bxe5 c6 Bxg7 Rg8 Qh5+ Ng6 Qxh7 Rxg7 Rxe6+ Kf7 Rxg6 Kf8 Qxg7+ Qxg7 Rxg7 Kxg7 Bxc6 Rc8 d5 a5 Re1 Rd8 Re7+ Kf6 Rb7 Ke5 Rxb6 a4 f4+ Kd6 Ra6 Kc5 Rxa4 Rxd5 Bxd5 Kxd5 Ra5+ Kc4 Rxf5 Kd3 Rd5+ Kc2 b4 Kb2 b5 Kxc3 a4 Kc4 b6 Kxd5 b7 Ke4 b8=R Kf3 a5 Kg4 a6 Kf3 a7 Kg4 a8=R Kf3 h4 Kxg3 h5 Kxf4 h6 Kg5 h7 Kg4 h8=R Kf3 Rh3+ Ke2 Rb2+ Ke1 Re3+ Kd1 Kf1 Kc1 Ke1 Kxb2 Kd2 Kb1 Kc3 Kc1 Re1#
2025.09.29,20:20:21,12crc,RhysLWells,910,938,0-1,300,B00,,RhysLWells won by resignation,e4 e6 d4 Nc6 Nf3 d5 e5 b6 Bb5 Bb7 O-O a6 Bxc6+ Bxc6 c3 Ne7 Bg5 h6 Bxe7 Bxe7 Nbd2 Bb5 Re1 a5 a4 Bc4 Nxc4 dxc4 Re4 Qd7 Rg4 g5 h3 b5 axb5 Qxb5 Ra2 a4 Nd2 Rf8 Ne4 f5 Nf6+ Bxf6 exf6 fxg4 hxg4 Rxf6 Qf3 Rxf3
2025.09.29,17:37:29,aniss31,RhysLWells,957,930,1-0,300,C00,,aniss31 won on time,e4 e6 Nc3 Nf6 d4 d5 e5 Nfd7 Nf3 Nc6 Bg5 Be7 Be3 b6 Bb5 Bb7 Bxc6 Bxc6 O-O h6 Ne2 Bb5 c3 Bg5 Bxg5 hxg5 Re1 Qe7 Qd2 g4 Ng5 O-O-O Qf4 f5 exf6 Nxf6 Ng3 Nh5 Nxh5 Rxh5 Qxg4 Rxg5 Qxe6+ Qxe6 Rxe6 Bc4 a3 Rd6 Re8+ Kb7 Rae1 Bd3 R8e7 Be4 f3 Bc2 Kf2 Rdg6 g3 Rh5 h4 Rf5 f4 Be4 h5 Rh6 Rxg7 Rfxh5 Ke3 Rh1 Rxh1 Rxh1 g4 Rh3+ Kf2 Rh2+ Kg3 Rxb2 f5 Rg2+ Kf4 Kc6 f6 Rf2+ Ke5 Re2 Kf4 Rf2+ Kg5 Kd6 f7 Ke6 Rg6+
2025.09.29,17:28:27,RhysLWells,MrTMrs,938,903,1-0,300,C53,,RhysLWells won by resignation,e4 e5 Nf3 Nc6 Bc4 h6 c3 Nf6 d3 Bc5 Qe2 Ng4 O-O d6 Be3 Nxe3 fxe3 Bg4 h3 Bxf3 Qxf3 O-O Bxf7+ Kh8 Qf5 Bxe3+ Kh1 Ne7 Qf3 Bg5 Na3 Qd7 Qh5 g6 Bxg6 Nxg6 Qxg6 Rxf1+ Rxf1 Rg8 Qf7 Qxf7 Rxf7 Bc1 Nc4 b5 Na5 Bxb2 Rxc7 a6 Ra7 Bxc3 Nc6 Rf8 Rxa6 Bd2 g4 Rf2 Kg1 Be3 Kh1 Rf1+ Kh2 Bf4+ Kg2 Rd1 Nb4 Bd2 Nd5 Bb4
2025.09.28,20:27:59,apache4712,RhysLWells,916,930,0-1,300,D02,,RhysLWells won by checkmate,d4 e6 Nf3 d5 a3 Nc6 b3 a6 Bb2 Nf6 Nbd2 Bd6 e3 Bd7 Be2 Qe7 Ne5 h6 Nxd7 Nxd7 f4 f5 O-O O-O-O c4 g5 c5 Bxc5 dxc5 Qxc5 Bd4 Nxd4 exd4 Qxd4+ Kh1 gxf4 Nf3 Qf6 Qc2 Rhg8 Rac1 c6 b4 Qg6 Rg1 e5 a4 e4 Nd4 Ne5 b5 f3 bxc6 fxg2+ Rxg2 Qxg2#
2025.09.28,12:31:23,RhysLWells,abdulrhman_z,922,929,0-1,300,C50,,abdulrhman_z won - game abandoned,e4 e5 Nf3 Nc6 Bc4 Nf6 Nc3 Bc5 d3 d6 h3 Be6 Bb3 O-O Bxe6 fxe6 Qe2 d5 Bg5 h6 Bxf6 Qxf6 O-O-O d4 Na4 Bb4 a3 Bxa3 bxa3 Nb4 c3 dxc3 Nxc3 Qe7 Kd2 c5 Nxe5 c4 Ng6 Qg5+ Nf4 Qxf4+ Qe3 Qe5 d4 Rad8 d5 exd5 exd5 Qf5 Rc1 Nxd5 Nxd5 Rxd5+ Kc3 Rd3+ Qxd3 cxd3 Rhd1 Rc8+ Kd2 Rxc1
2025.09.28,12:27:02,RhysLWells,PereZzz7,930,904,1-0,300,B28,,RhysLWells won by resignation,d3 c5 e4 a6 Nf3 e6 Be3 Nc6 c3 b5 Nbd2 Bb7 d4 cxd4 Bxd4 Nxd4 Nxd4 Bc5 Bd3 Ne7 N2f3 Ng6 g3 h5 e5 Nxe5 Nxe5 Bxh1 f3 h4 Qd2 hxg3 hxg3 d6 Nec6 Qb6 O-O-O Qxc6 Nxc6
2025.09.27,21:49:30,Gsk7baba,RhysLWells,887,922,0-1,300,C40,,RhysLWells won by resignation,e4 e5 Nf3 f6 Bc4 Nc6 d4 d6 d5 Na5 Bd3 Bd7 Bd2 b6 b4 Nb7 O-O a6 a3 Ne7 Nc3 Ng6 a4 a5 b5 Nc5 Be3 Nxd3 Qxd3 Be7 Qe2 f5 Bd2 f4 Qc4 O-O Ne2 Nh4 g3 Nxf3+ Kg2 Nxd2 Qd3 Nxf1 Rxf1 Bc8 gxf4 exf4 Qf3 Qd7 Kh1 Qh3 Qd3 Qxf1+ Ng1 Qxd3 cxd3 Bg5 Nf3 Bh6 h3 Bxh3 Kh2 Bg4 Nh4 f3 Kg3 Bh5 Nxf3 Bxf3
2025.09.27,19:17:01,mmmnaziri,RhysLWells,920,914,0-1,300,B00,,RhysLWells won by checkmate,e4 e6 e5 d5 d4 Nc6 Nf3 h6 Bb5 Bd7 Nc3 a6 Ba4 b5 Bb3 Na5 O-O Nxb3 cxb3 Bb4 a3 Be7 b4 f6 h3 c6 Re1 f5 Be3 g5 a4 Bxb4 Bd2 Bf8 b3 Ne7 a5 Ng6 b4 Bxb4 Qb3 Bf8 Kh1 Qe7 Ne2 Nh4 Ng3 Nxf3 gxf3 O-O-O Nh5 Bg7 Bb4 Qf7 Nxg7 Qxg7 Rg1 h5 Bc5 g4 fxg4 hxg4 h4 Rxh4+ Kg2 Rh3 Qc2 Be8 Rh1 Qh6 Rag1 Bg6 Kf1 Rxh1 Rxh1 Qxh1+ Ke2 Qf3+ Kf1 Qh3+ Ke2 Rg8 Be7 Kd7 Bf6 f4 Qc5 Qf3+ Kd2 Qxf2+ Kc3 Qe1+ Kb3 Qd1+ Kb4 Qa4+ Kc3 Qa1+ Kb4 Qb2#
2025.09.27,19:09:32,RhysLWells,demikonten,905,929,0-1,300,B00,,demikonten won by checkmate,e4 f5 Qh5+ g6 Qe2 Bg7 exf5 gxf5 d3 Nf6 Nf3 Nc6 Bg5 Kf7 Bxf6 Bxf6 Nbd2 e5 Nxe5+ Nxe5 Qh5+ Ng6 Qxf5 d5 Qf3 Re8+ Be2 Nh4 Qh5+ Ng6 Qxh7+ Bg7 Qh3 Bxh3 gxh3 Rxe2+ Kxe2 Qe7+ Kf1 Nf4 Re1 Qc5 c3 d4 Ne4 Qb5 c4 Qxb2 Ng5+ Kg8 Rg1 Nxd3 Re2 Qc1+ Kg2 Qxg5+ Kh1 Nxf2+ Rxf2 Qe3 Rfg2 Qe4 h4 Kh8 h5 Bh6 h3 Bf4 h6 Be5 h7 Kxh7 Rf1 Rg8 Rf7+ Kh6 Kg1 Qxg2#
2025.09.27,19:03:31,RhysLWells,moh_shaker87,913,885,1-0,300,C45,,RhysLWells won by resignation,e4 e5 Nf3 Nc6 d4 exd4 Nxd4 Nxd4 Qxd4 d6 Bf4 Nf6 f3 Be7 Nc3 O-O Bd3 c5 Qe3 a6 O-O-O b5 Nd5 Nxd5 exd5 c4 Be4 h6 g3 Qa5 a3 b4 Rd4 bxa3 Qxa3 Bf6 Qxa5 Bxd4 Bxd6 Rd8 Bb4 Bh3 Rd1 Be3+ Kb1 Rdb8 d6 Bb6 Qa3 a5 Bxa8 Rxa8 d7 axb4 Qxb4 Bg2 Qxb6 Bxf3 d8=Q+ Rxd8 Rxd8+
2025.09.27,18:58:46,mmmm111111111mmmmmmmmmmm,RhysLWells,899,905,1-0,300,C00,,mmmm111111111mmmmmmmmmmm won by resignation,e4 e6 f4 Nc6 Nf3 d5 d3 h6 e5 Nge7 d4 a6 Be2 Ng6 g3 f5 Be3 b6 c3 Bb7 h4 Nge7 Nbd2 g6 Kf2 Bg7 h5 Qd7 hxg6 Nxg6 Nh4 Nxh4 Rxh4 O-O-O a4 Bf8 b4 Be7 Rh5 Kb8 Qf1 Na7 Bxa6 b5 Bxb7 Kxb7 axb5 Nxb5 Ra5 Na7 Qa6+
2025.09.27,16:52:47,RhysLWells,bangdhit12,914,875,1-0,300,C50,,RhysLWells won by resignation,e4 e5 Nf3 Nc6 Bc4 Qf6 h3 Bc5 Qe2 Nge7 Nc3 Bd4 Nxd4 Nxd4 Qd3 O-O f3 c6 Ne2 Nxe2 Qxe2 d5 Bd3 d4 b3 b5 Ba3 a6 c4 dxc3 dxc3 Be6 O-O Rfd8 Rad1 Qg6 Bxe7 Re8 Bc5 Bxh3 Rf2 Re6 g4 Qh6 Rh2 Rg6 Be3 Qh4 Bf2 Rxg4+ fxg4 Bxg4 Rxh4 Bxe2 Bxe2 Re8 Bg3 f6 c4 g5 Rh5 b4 c5 a5 Bc4+ Kg7 Rd7+ Kg6 Rh2 h5 Bf7+ Kh6 Bxe8
2025.09.27,16:43:19,Babu1964,RhysLWells,943,907,1-0,300,C02,,Babu1964 won on time,d4 e6 e4 d5 e5 Nc6 c3 Nge7 Bb5 a6 Bxc6+ Nxc6 Nf3 Be7 g3 h6 b4 a5 b5 Na7 a4 c6 Qe2 cxb5 axb5 Bd7 Rxa5 Bxb5 Rxb5 Nxb5 Qxb5+ Qd7 Qxd7+ Kxd7 O-O Ra7 Na3 Rha8 Nb5 Ra5 Nd6 Bxd6 exd6 Kxd6 Bf4+ Ke7 Bc7 Ra1 Rxa1 Rxa1+ Kg2 b5 Ne5 Rc1 Ba5 f6 Nc6+ Kd7 Na7 e5 dxe5 fxe5 Nxb5 Ke6 f3 g5 h4 gxh4 gxh4 Rc2+ Kg3 Ra2 Bb4 Rb2 Nc7+ Kf5 Nxd5 e4 Ne3+ Ke5 f4+ Kf6 h5 Re2 Ng4+ Kf5 Nxh6+ Ke6 f5+ Ke5 Kg4 e3 Nf7+ Kf6 Ng5 Rf2 Ne4+ Ke5 Ng3 e2 c4 e1=Q Bxe1 Rg2 c5 Kd5 Bb4 Kc4 Ba3 Kd4 Kf3 Ra2 Bb4 Ra4 Ne2+ Ke5 Bd2 Kxf5 Be3 Ra6 Ng3+ Kf6 Kf4 Ra4+ Ne4+ Ke6 h6 Kf7 Kf5 Kg8 Nf6+ Kh8 c6
2025.09.27,14:10:21,SakhBoy78,RhysLWells,930,914,1-0,300,A50,,SakhBoy78 won on time,Nf3 e6 c4 Nc6 d4 Nf6 Bg5 Be7 Nc3 h6 Bh4 g5 Bg3 d5 Nb5 Bd7 Nxc7+ Kf8 Nxa8 Qxa8 e3 Ne4 Be5 Nxe5 dxe5 Nc5 Be2 Ne4 cxd5 Bb4+ Kf1 exd5 Qxd5 Bc6 Qd4 a5 e6 Rh7 Ne5 fxe6 Nxc6 Nd2+ Kg1 bxc6 Qf6+ Kg8 Qxe6+ Kh8 Bd3 Rg7 Qxh6+ Kg8 a3 Be7 Rd1 Nb3 Qe6+ Kh8 Qxb3 a4 Qe6 c5 Bc4 Qb7 Rd7 Qc8 Qh6+ Rh7 Qxg5 Bxg5 f4 Qxd7 Be2 Qd2 Kf2 Bxf4 g3 Rf7 Kg2 Bxe3 Kh3 Bh6 Rf1 Qg5 Rxf7
2025.09.27,13:13:42,bandz2212,RhysLWells,926,922,0-1,300,A00,,RhysLWells won on time,d3 e5 e3 d5 h3 Nc6 a3 Be6 Be2 Bd6 b4 Qd7 Nf3 f6 Bb2 Nge7 Nc3 O-O-O Nb5 a6 Nxd6+ Qxd6 d4 e4 Nh2 g5 Ng4 Nxb4 Nxf6 Nbc6 Bg4 Bxg4 Nxg4 Rhf8 O-O h5 Ne5 Nxe5 dxe5 Qe6 Qxh5 Rg8 Qg4 Nf5 Rad1 c6 c4 Rdf8 cxd5 cxd5 Rc1+ Kb8 a4 Qb6 Ba3 Rf7 Bd6+ Ka8 f4 exf3 Rxf3 Nxd6 exd6 Rxf3 Qxf3 Qxd6 Rf1 Rc8 Kh1 d4 exd4 Qxd4 Qg4 Qc5 Qf3 Qc4 Qg4 Qxf1+ Kh2 Rc5 Qh5 Rc2 Qe8+ Ka7
2025.09.27,11:48:33,RhysLWells,MusulSal1,913,909,0-1,300,C53,,MusulSal1 won on time,e4 e5 Nf3 Nc6 Bc4 Bc5 c3 Nf6 d3 d6 h3 Bd7 Nbd2 Qe7 Nb3 O-O-O Qe2 Kb8 Be3 Bxe3 Qxe3 b6 O-O Be6 Ba6 Bxb3 axb3 Qe6 Ng5 Qe7 Nf3 h6 d4 exd4 cxd4 d5 e5 Ne4 Bb5 Nb4 Rfc1 f6 exf6 Qxf6 Bd3 Nxd3 Qxd3 a5 b4 axb4 Qa6 c6 Qa8+ Kc7 Qa7+ Kd6 Qxb6 Rb8 Qxc6+ Ke7 Qc7+ Ke6 Rc6+ Kf5 Rxf6+ Nxf6 Qe5+ Kg6 Nh4+ Kf7 Ra7+ Kg8 Qxb8+ Kh7 Rxg7+ Kxg7 Nf5+ Kh7 Qc7+ Kg6 Qg7+ Kxf5 Qxh8 Ne4 Qe5+ Kg6 Qxd5 Nd2 Qd6+ Kf5 Qxb4 Ne4 Qe1 Nd6 d5 Kf6 b4 Kf7 b5 Nxb5 Qb4 Nc7 Qb6 Nxd5 Qb7+ Ke6 f3 Ke5 f4+ Ke4 f5 Ke5 f6 Nxf6 Qb5+ Ke6 Qh5 Ke7
2025.09.27,11:42:24,dRishiChess,RhysLWells,923,922,0-1,300,D02,,RhysLWells won by resignation,Nf3 e6 d4 d5 Bf4 Nf6 h3 a6 b3 Nc6 c4 Bd6 Bxd6 Qxd6 e3 O-O Be2 h6 O-O Bd7 Nbd2 e5 dxe5 Nxe5 Nxe5 Qxe5 Qc2 Bf5 Bd3 Ne4 Nxe4 dxe4 Be2 Rad8 g4 Be6 Rfe1 Rd7 f4 exf3 Bxf3 Qg3+ Bg2 Re8 Re2 Rde7 Rae1 Bd7 Qc1 Bc6 Kf1 Bxg2+ Rxg2 Qf3+ Rf2 Qh1+ Ke2 Rxe3+ Qxe3 Rxe3+ Kxe3 Qxe1+ Re2 Qg3+ Kd4 Qxh3 Re8+ Kh7 a4 Qxg4+ Kd5 Qd7+ Ke4 Qxe8+
2025.09.27,11:33:49,RhysLWells,bpav7,914,830,1-0,300,B00,,RhysLWells won on time,e4 Nc6 Nf3 Nf6 c3 Nxe4 d4 d5 Nbd2 h6 Nxe4 dxe4 Nd2 Bf5 h3 e6 g4 Bg6 Bg2 e3 Nf1 exf2+ Kxf2 Qf6+ Bf3 Be4 Nh2 e5 Be3 exd4 Bxd4 a6 Bxf6 Bxf3 Re1+ Ne7 Qxf3 gxf6 Qxf6 Kd7 Qxh8 Nd5 Rad1 Kc6 Rxd5 Kxd5 Qe5+ Kc6 Qe4+ Kb6 Qd4+ c5 Qc4 Kc7 Re3 b6 Rf3 f6 Qf4+ Bd6 Qxf6 Bxh2 Qf7+ Kc6 Rf6+ Kb5 Qd7+ Ka5 b3
2025.09.26,17:07:38,RhysLWells,abrakor,908,927,0-1,300,C45,,abrakor won by checkmate,e4 e5 Nf3 Nc6 d4 exd4 Nxd4 Bc5 Nxc6 bxc6 Nd2 d6 c3 Nf6 f3 O-O Nb3 Bb6 Bd3 h6 Bd2 Re8 Qc1 d5 Bxh6 dxe4 Bxg7 Kxg7 Qg5+ Kf8 Qh6+ Ke7 Bxe4 Nxe4 Qh4+ Nf6 Rd1 Kf8+ Kf1 Qxd1+ Qe1 Qxe1#
2025.09.26,16:59:57,Olarenwaju1,RhysLWells,937,916,1-0,300,A00,,Olarenwaju1 won on time,h3 e6 a3 d5 d3 Nc6 g4 Nf6 c3 h6 e3 Bd6 Be2 e5 Nd2 Be6 Nf1 Qd7 Ng3 g6 Nf3 a6 Nh2 e4 d4 Bxg3 fxg3 h5 g5 Ng8 h4 f6 Qc2 fxg5 hxg5 Qe7 Bd2 Qxg5 O-O-O Bg4 Bxg4 hxg4 Rdg1 O-O-O Qd1 Nf6 Rf1 Rdf8 Rfg1 Ne7 Nf1 Rxh1 Rxh1 Nf5 Qb3 Nh5 Qb4 Rd8 c4 Nhxg3 Nxg3 Nxg3 Rg1 Ne2+ Kc2 Nxg1 c5 Kb8 c6 b6 a4 a5 Qb5 Ka7 b4 Ra8 bxa5 Kb8 axb6 cxb6 Qxb6+ Kc8 Qb7+ Kd8 Qxa8+ Ke7 Qb7+ Ke6 c7 Qe7 c8=Q+ Kf6 Qcc6+ Qe6 Qxe6+ Kxe6 Qc6+ Kf5 Qxd5+ Kf6 Qe5+ Kf7 Qf4+ Kg7 Qxe4 g3 Qe5+ Kh7 Qxg3 Ne2 Qh2+ Kg7 Qxe2 g5 Qh5 g4 Qxg4+
2025.09.25,18:55:16,RhysLWells,bdgrish,924,929,0-1,300,C41,,bdgrish won by checkmate,e4 e5 Nf3 d6 Nc3 Bg4 Be2 c6 h3 Bh5 g4 Bg6 Nh4 Nd7 Nxg6 fxg6 d3 Ndf6 Bg5 Be7 Qd2 Qd7 O-O-O O-O-O Be3 Kb8 d4 exd4 Bxd4 c5 Be3 h6 Bf3 g5 a3 Bf8 Be2 Ne7 Bb5 Qc7 Qe2 Nc6 Bxc6 Qxc6 Nb5 Nxe4 f3 a6 fxe4 axb5 e5 Be7 exd6 Rxd6 Rxd6 Bxd6 Rd1 Re8 Qd2 Bf4 Bxf4+ gxf4 Qxf4+ Ka7 g5 hxg5 Qxg5 g6 h4 Re2 Rd8 Qh1+ Rd1 Re1 Rxe1 Qxe1#
2025.09.25,12:19:08,I_Love_Cruises,RhysLWells,955,932,1-0,300,C00,,I_Love_Cruises won on time,e4 e6 Bc4 Nc6 d4 d5 exd5 exd5 Bb5 a6 Bxc6+ bxc6 Qf3 Nf6 Ne2 Bd6 O-O c5 dxc5 Bxc5 Re1 O-O Be3 Bd6 Nec3 Be6 Nd2 c6 b4 Bxb4 Bd4 c5 Be5 d4 Nce4 Bd5 Red1 Bxd2 Bxf6 gxf6 Nxf6+ Kh8 Qxd5 Qxd5 Nxd5 Bh6 h3 Rfd8 Nf6 Rac8 Rab1 Rd6 Ne4 Re6 f3 c4 Rb7 f5 Ng3 f4 Nf5 Bg7 Nxd4 Bxd4+ Rxd4 Rf6 Rdd7 c3 Rxh7+ Kg8 Rhg7+ Kh8 Kf2 Rh6 Rgc7 Rc6 Rxc8+ Rxc8 g3 fxg3+ Kxg3 Rg8+ Kh2 Rc8 Kg3 Rc6 Kf4 Rh6 Kg4 Rg6+ Kh5 Rf6 Kg4 a5 f4 Rd6 Kg5 Rd2 Kg6 Rd6+ Kg5 Rd5+ f5 Rd6 f6 Rd5+ Kg6 Rd1 Rb8+
2025.09.25,09:57:53,RhysLWells,ghostpanda44,940,946,0-1,300,C41,,ghostpanda44 won - game abandoned,e4 e5 Nf3 d6 Bc4 Bg4 h3 Bh5 Nc3 c6 g4 Bg6 d3 h6 Be3 Nf6 Qd2 d5 exd5 cxd5 Nxd5 Nxd5 Bxd5 Qxd5
2025.09.24,17:46:59,kakashil,RhysLWells,949,948,1/2-1/2,300,D00,,Game drawn by stalemate,d4 e6 e3 d5 Nc3 Nc6 Nf3 a6 Be2 Bd6 O-O Nf6 a3 Ne4 Bd2 Nxd2 Qxd2 O-O b4 b5 Nd1 Re8 c3 e5 dxe5 Nxe5 Nxe5 Bxe5 Qd3 g6 f4 Bf5 Qd2 Bf6 Nf2 Qd6 Nd3 Qc6 Ne5 Bxe5 fxe5 Rxe5 Bf3 Rd8 Rae1 Be4 h3 Bxf3 Rxf3 Rg5 e4 Re5 exd5 Rxe1+ Qxe1 Qxd5 Qe7 Rd7 Qe8+ Kg7 c4 Qd4+ Kh2 Qd6+ Kh1 Qd2 Qe5+ Kh6 Qf4+ Qxf4 Rxf4 bxc4 Rxc4 Rd3 Rh4+ Kg5 Rxh7 Rxa3 Kh2 Ra4 Rxf7 Rxb4 Rxc7 Rb5 Rc6 a5 h4+ Kh5 g3 a4 Kh3 Rb4 Ra6 g5 Ra5 Rg4 Rxg5+ Rxg5 hxg5 Kxg5 g4 a3 Kg3 a2 Kf3 a1=Q Ke4 Qe1+ Kd5 Qg1 Ke6 Qxg4+ Kd5 Qf4 Ke6 Qf5+ Kd6 Kf6 Kc6 Qe4+ Kc7 Ke5 Kd7 Qd5+ Ke7 Qe6+ Kf8 Kf6
2025.09.24,17:44:56,RhysLWells,ZachKorzonek,948,920,1-0,300,C41,,RhysLWells won by resignation,e4 e5 Nf3 d6 Bc4 Bg4 h3 Bxf3 Qxf3 Nf6 Nc3 c6 d3 b5 Bb3 b4 Ne2 Be7 c3 O-O O-O bxc3 Nxc3 c5 Nd5 Nxd5 Bxd5 Nd7 Bxa8 Qxa8 Bd2
2025.09.24,16:52:57,RhysLWells,magdy6870,940,961,0-1,300,C41,,magdy6870 won - game abandoned,e4 e5 Nf3 d6 Bc4 Bg4 h3 Bh5 g4 Bg6 d3 Nc6 c3 Na5 Bb3 Nxb3 axb3 Ne7 Be3 Nc6 Nbd2 Be7 h4 h6 g5 Bh7 gxh6 g6 Qe2 b6 Ng5 a5 Nxh7 Rxh7 b4 a4 O-O-O a3 b3 Qc8 Kb1 Qa6 Ka2 Na7 Bg5 Nb5 Nb1 Bxg5 hxg5 c5
2025.09.24,16:47:55,oshokolate,RhysLWells,880,948,0-1,300,C00,,RhysLWells won by resignation,e4 e6 d4 Bb4+ c3 Ba5 Nf3 f6 e5 f5 Bg5 Ne7 Bxe7 Qxe7 Nfd2 d5 exd6 Qxd6 Nc4 Qa6 Nxa5 Qxa5 Na3 Bd7 g4 Nc6 gxf5 Qxf5
2025.09.24,12:15:34,RhysLWells,2132136484az,940,938,1-0,300,C53,,RhysLWells won by resignation,e4 e5 Nf3 Nc6 c3 Bc5 Bc4 h6 b4 Bxf2+ Kxf2 g5 d3 g4 Ng1 d6 g3 Qf6+ Kg2 h5 Nd2 Be6 Bb3 O-O-O Qf1 Qe7 Bxe6+ fxe6 Bb2 Nf6 Ne2 Rhf8 d4 Nxe4 Qd1 Nf2 Qc2 exd4 Nxd4 Nxd4 cxd4 Nh3 Raf1 Rxf1 Rxf1 e5 d5 e4 Nxe4 Qe5 Bxe5 dxe5 Qb2
2025.09.24,12:07:28,jessel1504,RhysLWells,944,932,1/2-1/2,300,C25,,Game drawn by insufficient material,e4 e5 Nc3 Nc6 f4 d6 h4 Nf6 Nf3 Bg4 Be2 exf4 d4 a6 e5 dxe5 dxe5 Qxd1+ Kxd1 Nd7 Bxf4 Bxf3 Bxf3 Ncxe5 Bxe5 Nxe5 Re1 f6 Nd5 O-O-O Ke2 Nxf3 Kxf3 Bd6 Rad1 Rhe8 Rxe8 Rxe8 Kf2 c6 Ne3 Be5 Nf5 g6 Ng7 Re7 Re1 Bd6 Ne6 Kb8 g4 Kc8 c4 Kd7 Nd4 Rxe1 Kxe1 Be5 Nb3 Bxb2 Kd2 f5 g5 f4 Ke2 b5 cxb5 cxb5 Nc5+ Kc6 Nxa6 Kb6 Nb4 Bc3 Nd5+ Kc5 Nxc3 b4 Nb1 Kc4 Nd2+ Kc3 Ne4+ Kb2 Nc5 Kxa2 Kf3 Kb2 Nd3+ Kc3 Nxb4 Kxb4 Kxf4 Kc5 Ke5 Kc6 Kf6 Kd5 Kg7 Ke5 Kxh7 Kf4 Kxg6 Kg4 Kh6 Kxh4 g6 Kg4 g7 Kf5 g8=Q Kf6 Qg7+ Kf5 Qg6+ Ke5 Qg5+ Kd6 Kg6 Ke6 Qf5+ Kd6 Kf6 Kc6 Qe5 Kb6 Ke7 Kc6 Qd5+ Kxd5
2025.09.24,11:59:05,tomaolifr,RhysLWells,941,932,1-0,300,B00,,tomaolifr won on time,e4 e6 d4 d5 e5 Nc6 Nf3 f6 Bb5 Bd7 Bxc6 Bxc6 O-O a5 Nbd2 b5 b3 b4 Bb2 Ne7 c4 Nf5 exf6 Qxf6 Ne5 Bb7 Ndf3 Bd6 cxd5 Bxd5 Re1 Bxe5 dxe5 Qg6 Rc1 c6 Rc5 O-O Nd4 Rfd8 g3 Nxd4 Qxd4 Bf3 Qe3 Bd5 a3 bxa3 Bxa3 a4 b4 Rab8 Qc1 Qf5 Re3 Qh3 f3 Rf8 Rcc3 Rbc8 Qf1 Qh6 b5 cxb5 Bxf8 Rxf8 Qxb5 Qh3 Qxa4 Qf5 Qd1 Qh5 Kg2 Qg6 Rcd3 Qh6 Qd2 Bxf3+ Rxf3 Rxf3 Kxf3
2025.09.24,11:20:52,RhysLWells,Mededev,940,922,1-0,300,C02,,RhysLWells won by resignation,d4 e6 e4 d5 e5 Nd7 Nf3 g6 c3 Bg7 Nbd2 Ne7 Bd3 c5 O-O c4 Bc2 O-O b3 f6 bxc4 fxe5 cxd5 Nxd5 dxe5 Nxe5 Nxe5 Bxe5 Bb2 Qd6 Nf3 Bg7 Bb3 Qc6 Rc1 Nf6 Ne5 Qe8 Re1 Kh8 Bc2 Nd7 Nf3 e5 Ng5 h6 Nf3 g5 c4 Nc5 Nxe5 Qd8 Ng6+ Kh7 Nxf8+ Kg8 Qxd8 Bxf8 Qd5+ Ne6 Rxe6 Bd7
2025.09.24,08:05:33,Ramuci,RhysLWells,935,932,0-1,300,A00,,RhysLWells won by checkmate,g3 d5 Bg2 e5 b3 Nf6 Bb2 Nc6 d3 Bd6 e3 Be6 Ne2 a6 a3 O-O O-O Qd7 Nd2 Bh3 d4 Bxg2 Kxg2 e4 f3 Ne7 fxe4 Nxe4 Nxe4 dxe4 d5 f6 Nf4 Bxf4 exf4 Nxd5 Qd4 Rae8 c4 Nb6 Qxd7 Nxd7 Rfe1 Nc5 b4 Nd3 Red1 Nxb2 Rd7 Rf7 Rxf7 Kxf7 c5 c6 a4 Nd3 b5 cxb5 axb5 axb5 Rb1 b4 h4 e3 Kf3 e2 Rxb4 e1=Q Rxb7+ Kg6 h5+ Kxh5 g4+ Kh4 Rxg7 Qf2#
2025.09.24,07:56:38,RhysLWells,yasserrohaim,924,906,1/2-1/2,300,C53,,Game drawn by stalemate,e4 e5 Nf3 Nc6 c3 Bc5 Bc4 Nf6 d3 O-O Qe2 d6 Be3 Bb6 Nbd2 Be6 Bb3 d5 O-O dxe4 dxe4 Bxb3 Nxb3 Qe7 Bxb6 axb6 Rad1 Rxa2 Nc1 Ra4 Nd2 Ra1 Ncb3 Rxd1 Rxd1 Rd8 Nf3 Rxd1+ Qxd1 h6 h3 Qe6 Nbd2 Qa2 Qc2 Na5 Nxe5 Nc6 Nd3 Qe6 f3 Ne5 Nf4 Qd6 b3 b5 c4 bxc4 Nxc4 Nxc4 Qxc4 Qxf4 b4 Qe3+ Kh1 c6 b5 cxb5 Qxb5 Qc1+ Kh2 Qc7+ Kh1 Qc6 Qa5 Kf8 Qd8+ Ne8 Kh2 Qd6+ Qxd6+ Nxd6 Kg3 b5 Kf2 Ke7 Ke2 Ke6 Kd3 Ke5 Kc3 Kf4 Kd4 Kg3 Kd5 Nc4 Kc5 Ne3 Kxb5 Kxg2 e5 Kxf3 Kc5 Ke4 Kd6 Nf5+ Kd7 Kxe5 h4 Nxh4 Ke7 f5 Kf7 f4 Kxg7 f3 Kxh6 f2 Kg5 Nf5 Kg6 f1=Q Kf7 Nd6+ Ke7 Qf7+ Kd8 Qf8+ Kc7 Qc8+ Kb6 Kd5 Ka7 Kc5
2025.09.23,20:26:12,RhysLWells,Halogen82,924,938,0-1,300,C41,,Halogen82 won by checkmate,e4 e5 Nf3 d6 d4 exd4 Nxd4 c5 Nf3 h6 Be3 b6 c4 Bb7 Nc3 Ne7 Bd3 a6 Qe2 Qc7 b3 g5 h4 Bg7 hxg5 Bxc3+ Bd2 Bxa1 gxh6 Be5 Nxe5 dxe5 h7 Nd7 g3 O-O-O f4 exf4 Bxf4 Qc6 Rh6 Ng6 Bg5 Rde8 Kd2 Nde5 Bf6 Qxf6 g4 Nxd3 g5 Qxg5+ Qe3 Qxe3+ Kxe3 Nb4 Rh3 Rxe4+ Kd2 Nxa2 Kc2 Nb4+ Kc3 b5 cxb5 axb5 Kb2 f5 Rg3 Re2+ Ka3 Ra2#
2025.09.23,20:18:06,TrungSea,RhysLWells,942,932,1-0,300,A00,,TrungSea won by checkmate,e3 d5 e4 d4 Nf3 Nc6 Bb5 Nf6 d3 a6 Bxc6+ bxc6 b3 c5 Bb2 e6 O-O Bd6 h3 e5 a3 Bb7 Nbd2 Nh5 Nc4 Be7 Nfxe5 f6 Qxh5+ g6 Nxg6 hxg6 Qxh8+ Kd7 Qxd8+ Rxd8 Rfd1 Bf8 c3 Bg7 cxd4 cxd4 Bxd4 c5 Bxc5 f5 e5 Kc6 b4 Bc8 Rac1 Kd5 d4 Be6 Nb6+ Kc6 a4 Bb3 Rd3 Be6 Be7+ Kxb6 Bxd8+ Kb7 Rc7+ Kb6 Rxg7+ Kc6 Rxg6 Kd5 Rxe6 Kxe6 Bf6 a5 d5+ Kd7 bxa5 f4 a6 f3 gxf3 Ke8 a7 Kf7 a8=Q Kg6 Qg8+ Kf5 Qg5#
2025.09.23,20:11:24,abcdefg2647,RhysLWells,928,940,1/2-1/2,300,C46,,Game drawn by repetition,e4 e5 Nf3 Nc6 Nc3 f6 Bc4 d6 d3 Qe7 a3 Be6 Bxe6 Qxe6 O-O O-O-O Be3 Kb8 h3 Nge7 Re1 g5 d4 Bg7 d5 Qd7 dxc6 Nxc6 Qd2 Rhe8 Rad1 Nd4 Nxd4 exd4 Bxd4 c5 Be3 h5 Kf1 g4 hxg4 Qxg4 f3 Qh4 Bf2 Qh1+ Ke2 Qxg2 Rg1 Qh3 Rxg7 f5 Rg6 fxe4 fxe4 Rf8 Rxd6 Qf3+ Kf1 Qh1+ Ke2 Qf3+ Kf1 Qh1+ Ke2 Qf3+
2025.09.23,20:02:03,RhysLWells,joan1986,940,944,1-0,300,C41,,RhysLWells won by resignation,e4 e5 Nf3 d6 Bc4 h6 c3 Nf6 d3 Be7 Be3 O-O Qe2 Be6 Nbd2 a6 O-O-O Bxc4 Nxc4 b5 Ncd2 c5 b4 cxb4 cxb4 d5 Nxe5 Bxb4 Nb3 Ba3+ Kb1 Nbd7 Bc1 Bxc1 Nxd7 Qxd7 Rxc1 dxe4 d4 Qf5 Ka1 Rac8 Rxc8 Rxc8 Rc1 Rxc1+ Nxc1 Qd5 Qd2 Kh7 f3 exf3 Qd3+ g6 gxf3 a5 Nb3 a4 Nc5 Nd7 Ne4 f5 Nf2 Nf6 Nh3 g5 f4 g4 Nf2 Nh5 Qc3 Nxf4 Qc7+ Kg6 Qxf4 h5 Nd3 Qh1+ Kb2 Qg2+ Nf2 Qc6 Qe3 b4 Qd3 Kg5 d5 Qf6+ Kb1
2025.09.23,20:00:37,RhysLWells,Hakouma166,932,916,1-0,300,C53,,RhysLWells won by resignation,e4 e5 Nf3 Nc6 Bc4 h6 c3 Nf6 d3 Bc5 Qe2 d6 Be3 Bb6 Na3 Bg4 Bxb6 axb6 h3 Bxf3 Qxf3 O-O Kf1 d5 exd5 Nxd5 Bxd5
2025.09.23,16:36:04,RhysLWells,GagaKdRiMbA,924,917,1/2-1/2,300,B01,,Game drawn by timeout vs insufficient material,e4 d5 exd5 Qxd5 Nc3 Qa5 Nf3 Nf6 b3 e5 Qe2 Nc6 Qb5 Qxb5 Nxb5 Bd6 Bc4 Bf5 O-O O-O d3 a6 Nxd6 cxd6 Ba3 b5 Nxe5 dxe5 Bxf8 Kxf8 Bxf7 Bg6 Bxg6 hxg6 h3 Nb4 Rac1 Nxa2 Ra1 Nb4 Rfe1 e4 Re2 exd3 cxd3 Nxd3 Re3 Nb4 Rc1 Na2 Rc2 Nb4 Rc7 Nbd5 Rb7 Nxe3 fxe3 Nd5 Kf2 Kg8 e4 Nc3 e5 Rf8+ Kg3 Re8 Kf4 Ne2+ Kg5 Rxe5+ Kxg6 Re6+ Kf5 Rf6+ Ke5 Ng3 Rb8+ Kh7 Rc8 Nh5 Rc5 Nf4 Ke4 Nxg2 Rh5+ Rh6 Rxh6+ Kxh6 Kd5 Ne3+ Kc5 Nc2 Kb6 Nd4 Kxa6 Nxb3 Kxb5 Nd2 Kc5 Nf1 Kd4 Ng3 Ke3 Nf5+ Kf4 g6 Kg4 Ne3+ Kf3 Nf5 Kg4 Ne3+ Kg3 Nd5 h4 Nf6 Kh3 Kh5 Kg3 Ng4 Kh3 Ne3 Kg3 Nf5+ Kf4 Nxh4 Kg3 g5 Kf2 Nf5 Kf3 Kh4 Kg2
2025.09.23,14:12:42,PANAMERA77777,RhysLWells,898,924,0-1,300,C10,,RhysLWells won on time,e4 e6 d4 d5 exd5 Qxd5 Nc3 Qd7 Nf3 Nc6 Be3 Nge7 Bd3 Nd5 Ne4 Nxe3 fxe3 a6 O-O b5 Nc5 Bxc5 dxc5 Qe7 Nd4 Bb7 c4 Qxc5 cxb5 axb5 Rc1 Qb6 Bxb5 O-O Bxc6 Bxc6 Nxc6 Qxe3+ Kh1 Kh8 Rc3 Qh6 Rff3 Ra6 Rh3 Qg6 Ne5 Qg5 Nf3 Qf5 Nd4 Rd6 Rhf3 Rxd4
2025.09.23,13:49:26,RhysLWells,Reipoll,916,874,1-0,300,B00,,RhysLWells won by resignation,e4 Nc6 Nf3 d5 e5 Bg4 d4 Bxf3 gxf3 f6 Be3 fxe5 Bb5 Qd7 dxe5 Qe6 Bxc6+ Qxc6 Nd2 O-O-O Bxa7 g6 Bd4 Bh6 e6 Bxd2+ Qxd2 Qxe6+ Kd1 Nf6 Re1 Qd6 h3 Rhe8 c3 e5 Be3 e4 f4 h6 Kc2 c5 Rad1 Qa6 a3 Qa4+ Kb1 d4 cxd4 cxd4 Bxd4 Nd5 Rc1+ Kb8 Qc2 Qxd4 Red1 Qb6 Qc4 e3 f3 e2 Re1 Qe3 Rxe2 Qxf4 Rxe8 Qxc4 Rxd8+ Ka7 Rxc4 Ne3 Rc3 Nf5 Rc4 h5 f4 Ne3 Re4 Nf5 Re6 Ng3 Rxg6 Ne2 f5 Nf4 Rdg8 Nxh3 f6 Nf4 f7 Ne6 Rxe6
2025.09.23,09:58:49,bondet99,RhysLWells,933,908,1-0,300,C00,,bondet99 won by checkmate,e4 e6 d4 Nc6 Be3 d5 Nc3 Nf6 Bd3 Bb4 Ne2 Bxc3+ Nxc3 Bd7 O-O Qe7 f4 O-O-O e5 Ne8 Nb5 Kb8 a4 Na5 b3 a6 Qd2 Bxb5 Bxb5 c6 Bd3 Qc7 b4 Nc4 Bxc4 dxc4 b5 c5 bxa6 bxa6 a5 Ka7 Rab1 f6 Qf2 Rf8 dxc5 fxe5 c6+ Ka8 Qf3 Nd6 Bb6 e4 Qc3 Qxc6 Bxd8 Rxd8 Qxg7 Rd7 Qg8+ Ka7 Rb6 Qc5+ Kh1 Nb7 Qxe6 Rc7 Rxa6+ Kb8 Rb1 Re7 Qg8+ Kc7 Rab6 Nxa5 Qb8+ Kd7 Rd1+ Qd6 Rdxd6#
2025.09.23,09:47:40,RhysLWells,maheshdodwani1,916,923,1-0,300,B08,,RhysLWells won - game abandoned,e4 g6 Nf3 Bg7 d4 d6 Nc3 Nf6 Bd3 O-O Be3 Bg4 Qe2 c6 O-O-O d5 e5 Ne4 h3 Nxc3 bxc3 Bxf3 Qxf3 e6 g3 Nd7 Kd2 Qa5 Ra1 c5 Ke2 cxd4 cxd4 Qc7 Rhc1 a6 c4 dxc4 Bxc4 Qd8 Qxb7 a5 a4 Rb8 Qe4 Rb2+ Rc2 Rxc2+ Qxc2 Nb6 Bb5 Qd5 f3 Rc8 Qe4 Qxe4 fxe4 Rd8 d5 Nd7 Bxd7 Rxd7 Rb1 Rd8 Bb6 Rb8 Rb5 exd5 exd5 Bxe5 Kf3 Bd4 Bxd4 Ra8 d6 Kf8 Bc5 Ke8 Ke4 Kd7 Ke5 h5 Kf6 Ke8 Bb6 Ra6 Bxa5 Rxd6+ Kg5 Ra6 Rb8+ Kd7 Rb7+ Ke6 h4 Rxa5+ Kh6 Rxa4 Rb6+ Ke7 Kg7 Ra7 Rb1 Ke8 Re1+
2025.09.23,07:56:36,dyris91,RhysLWells,903,907,0-1,300,C00,,RhysLWells won by checkmate,e4 e6 Bc4 d5 Nf3 dxc4 O-O Nc6 d3 Na5 Nc3 c6 Bg5 f6 Bh4 c5 Nb5 a6 Na3 cxd3 e5 c4 exf6 Nxf6 cxd3 cxd3 b4 Bxb4 Qa4+ Nc6 Nc4 O-O Bxf6 Qxf6 Rad1 b5 Qb3 bxc4 Qxc4 Bb7 Rxd3 Rad8 Rxd8 Rxd8 Re1 Bxe1 Nxe1 Rd1 Kf1 Ne5 Qc2 Qd8 Ke2 Rd5 f4 Ng6 g3 e5 Nf3 exf4 gxf4 Qe8+ Kf2 Nxf4 Qc4 Nh3+ Kg2 Qg6+ Kxh3 Qh5+ Kg2 Qg6+ Kf2 Qh6 Qb3 Qd2+ Kg3 Qd3 Qxb7 h6 Qa8+ Kh7 Qxd5 Qxd5 Kg2 Qxa2+ Kg3 a5 h3 a4 Nd4 a3 Nb5 Qb3+ Kg4 Qxb5 h4 a2 h5 a1=Q Kf4 Qbf1+ Ke4 Qae1+ Kd4 Qfe2 Kc5 Q1d1 Kc6 Qec2+ Kb7 Qdb1+ Ka8 Qca2#
2025.09.23,07:48:02,RhysLWells,igoqueiroga,899,906,1-0,300,C42,,RhysLWells won on time,e4 e5 Nf3 Nf6 d3 Nc6 Be3 Bd6 h3 O-O g4 h6 Nh4 Nh7 Nf5 Nd4 Nxh6+ gxh6 Bxh6 Re8 c3 Ne6 f3 Qh4+ Ke2 Qxh6 Kf2 Qh4+ Kg1 Qg3+ Bg2 Nf4 Rh2 Bc5+ Kh1 Re6 d4 exd4 cxd4 Bb6 Nd2 Ng5 Nf1 Qf2 Qd2 Qxd2 Nxd2 Nxg2 Rxg2 Bxd4 Rb1 Rf6 Rd1 Nxf3 Nxf3 Rxf3 Rxd4 Rxh3+ Rh2 Rf3 g5 d6 g6 fxg6 Rg2 Bh3 Rg1 Be6 Rxg6+ Kf7 Rxe6
2025.09.22,20:50:02,ANix2023,RhysLWells,899,890,1-0,300,A45,,ANix2023 won by checkmate,d4 e6 Bf4 d5 e3 Nf6 Nf3 Bd6 Ne5 Bxe5 dxe5 Nfd7 Bd3 g6 Nd2 a6 O-O b6 c4 Bb7 cxd5 Bxd5 Bc4 Bc6 a4 Nc5 b4 Ne4 Nxe4 Qxd1 Rfxd1 Bxe4 b5 a5 Rd4 Bf5 Rad1 O-O Bh6 Re8 f3 g5 e4 Bg6 Bxg5 c6 Rd6 c5 Rd8 Rxd8 Rxd8+ Kg7 h4 h6 Bf6+ Kh7 Rh8#
2025.09.22,20:42:25,RhysLWells,Ramin1771,898,963,1-0,300,C53,,RhysLWells won by resignation,e4 e5 Nf3 Bc5 Bc4 Nc6 c3 a6 b4 Bb6 a4 d6 a5 Ba7 Ba3 Qf6 h3 Nge7 d3 b6 axb6 cxb6 b5 Na5 Qd2 Nxc4 dxc4 axb5 cxb5 Bb7 Bxd6 Bxe4 Bxe5 Qe6 O-O Bxf3 Bc7 Bh5 Bd6 Rd8 Re1 Qxd6 Qxd6 Rxd6 Na3 Re6 Rxe6 fxe6 Re1 Bf7 Nc4 O-O Ne5 Ng6 Nc6 Ra8 g3 Be8 Nd4 e5 Ne6 Bxb5 Nc7 Rf8 Nxb5 h6 Nxa7
2025.09.22,20:40:57,dj_juicy_jozz,RhysLWells,849,888,0-1,300,A00,,RhysLWells won by checkmate,h4 e6 h5 h6 d3 d5 Bf4 Nc6 Nd2 Bd6 Bh2 Nf6 f3 Nxh5 Bxd6 Qxd6 Rxh5 Qg3#
2025.09.21,17:45:36,RhysLWells,M_Raya,881,825,1-0,300,A04,,RhysLWells won by checkmate,e4 b6 Nf3 Bb7 d3 d5 Nc3 d4 Ne2 e5 Nxe5 Qf6 Nf3 Bb4+ Nd2 Nh6 a3 Bc5 b4 Bd6 Bb2 Ng4 f3 c5 bxc5 Bxc5 fxg4 Qh4+ Ng3 Bd6 Qf3 O-O O-O-O Qe7 Nf5 Qe6 Nxd6 Qxd6 Nc4 Qc5 Be2 b5 Na5 Bc8 Kd2 b4 axb4 Qxb4+ Kc1 Qxa5 Rdf1 Nc6 e5 Bb7 Qf2 Qxe5 Re1 Qc5 Bf3 Ba6 Bxc6 Qxc6 Qxd4 f6 Re2 Rad8 Qe4 Bxd3 Qxc6 Bxe2 Qe6+ Kh8 Qxe2 Rde8 Qd3 Rd8 Qe3 Rde8 Qxa7 Ra8 Qc5 Rac8 Qf5 g6 Qf4 Kg7 Rd1 Rfe8 Qxf6+ Kh6 g5+ Kh5 Qf3+ Kxg5 Rd5+ Kh6 Qh3#
2025.09.21,17:36:49,M_Raya,RhysLWells,832,874,0-1,300,B00,,RhysLWells won by checkmate,e4 g6 Nf3 Nc6 d4 Bg7 e5 e6 h3 a6 a4 b6 Be3 Bb7 Qd2 Nce7 Bd3 d6 O-O Bxf3 gxf3 dxe5 Qb4 Nd5 Qc4 Nge7 c3 O-O Bg5 Bf6 Bxf6 Nxf6 dxe5 Nfd5 Be4 c6 Qb3 b5 axb5 cxb5 Rd1 Qc7 Bxd5 Nxd5 Re1 Rfd8 Nd2 Nf4 Ne4 Nxh3+ Kg2 Nf4+ Kh2 Nd3 Nf6+ Kg7 Re2 Nxe5 Ne4 Nxf3+ Kg2 Nh4+ Kh3 Qf4 c4 f5 Qc3+ e5 Nc5 Qg4+ Kh2 Qg2#
2025.09.21,10:45:55,RhysLWells,joseRojas_23,867,873,0-1,300,B30,,joseRojas_23 won by checkmate,e4 c5 d3 Nc6 Nf3 h6 Bf4 e5 Bg3 d6 Be2 Nf6 h3 Be7 Nc3 O-O Qd2 Nh5 Bh2 g5 g4 Nf4 Bxf4 exf4 O-O-O Bf6 Nd5 Nd4 Nxf6+ Qxf6 c3 Nxe2+ Qxe2 Be6 h4 Bxa2 hxg5 hxg5 d4 cxd4 Rxd4 Rfc8 c4 b5 e5 dxe5 Nxe5 Bxc4 Nxc4 Qxd4 b3 bxc4 bxc4 Rxc4+ Kb1 Rb8+ Ka2 Ra4#
2025.09.20,16:48:17,RhysLWells,Vasiuddin7733,875,863,1/2-1/2,300,C00,,Game drawn by stalemate,e4 e6 Nf3 Ne7 d4 g6 Bc4 Bg7 e5 d5 exd6 Qxd6 g3 Nbc6 c3 O-O Bf4 e5 dxe5 Nxe5 Nxe5 Bxe5 Qxd6 cxd6 Bxe5 dxe5 O-O b6 Re1 Nc6 Nd2 Bb7 Ne4 Kg7 Rad1 f6 Nd6 Rab8 Nxb7 Rxb7 Bb5 Na5 Ba6 Rc7 Bb5 Nc6 Re2 Ra8 Red2 Kh6 Rd7 Rxd7 Rxd7 Na5 b4 Rc8 bxa5 bxa5 Rxa7 Rxc3 Rxa5 Rc1+ Kg2 Rb1 Bd3 Rb2 Kf3 f5 Rxe5 Rxa2 Bb1 Ra3+ Kg2 Rb3 Ba2 Rb2 Bg8 Rb8 Be6 Rb6 Bc4 Rc6 Be2 Rc2 Bf3 Rc3 h4 Kg7 g4 fxg4 Bxg4 Rc4 Bf3 Rxh4 Re7+ Kf6 Rd7 h5 Kg3 Rc4 Rh7 Rc3 Rh8 Rc4 Rf8+ Kg7 Ra8 h4+ Kh3 g5 Bg4 Rc3+ f3 Kf6 Ra6+ Ke5 Ra5+ Kf4 Ra4+ Ke5 Ra5+ Kd4 Rxg5 Ke3 Kxh4 Rc4 Kg3 Rc3 Re5+ Kd2 Bf5 Rd3 Kg4 Re3 f4 Rxe5 fxe5 Ke3 e6 Kd4 e7 Ke5 e8=Q+ Kd4 Kf4 Kc5 Ke4 Kd6 Qe6+ Kc5 Qe5+ Kc6 Kd4 Kb6 Qd5 Kc7 Kc4 Kb6 Qc5+ Kb7 Be4+ Ka6 Kb4
2025.09.20,16:40:27,trieukhi1204,RhysLWells,920,875,1-0,300,C60,,trieukhi1204 won by checkmate,e4 e5 Nf3 Nc6 Bb5 f6 Nc3 a6 Bxc6 bxc6 O-O Bb7 b3 Bb4 Bb2 c5 a3 Ba5 b4 cxb4 axb4 Bxb4 g3 Bxc3 Bxc3 Bxe4 d4 Ne7 dxe5 f5 Ng5 Ng6 Re1 Bb7 e6 Qxg5 exd7+ Kd8 Bxg7 Rg8 Ra3 Bc6 Rc3 Bxd7 Rce3 Kc8 Bc3 Kb7 Qxd7 Rac8 Qd5+ Kb8 Ba5 Rgd8 Rb1+ Ka7 Qb7#
2025.09.20,16:39:23,Keefus727,RhysLWells,933,883,1-0,300,C25,,Keefus727 won by checkmate,e4 e5 Nc3 Nc6 Bc4 Bc5 Qg4 Nd4 Qxg7 Nxc2+ Kd1 Nxa1 Qxf7#
2025.09.20,13:05:36,Chessaddict290,RhysLWells,1065,890,1-0,300,C00,,Chessaddict290 won on time,e4 e6 Nf3 Nc6 Bc4 Bc5 Nc3 a6 d3 Nge7 Bf4 Ng6 Bg3 e5 d4 exd4 Nxd4 Nxd4 Nd5 c6 Nc7+ Kf8 Nxa8 d6 O-O Be6 Bxe6 Nxe6 Qd2 Ne7 Rae1 d5 exd5 Nxd5 Rd1 Qxa8 c3 Ke7 b4 Bd6 Bxd6+ Kxd6 c4 Rd8 cxd5 cxd5 Qxd5+ Ke7 Qe5 f6 Qe4 Kf7 Rfe1 Rxd1 Rxd1 Nf8 h3 Qe8 Qxb7+ Kg6 Qxa6 Ne6 Re1 Nc7 Rxe8 Nxa6 g4 Nxb4 a4 Nc6 f4 f5 Re6+ Kf7 Rxc6
2025.09.20,13:02:18,RhysLWells,granjefeindio123,897,892,1/2-1/2,300,C50,,Game drawn by repetition,e4 e5 Nf3 Nc6 Bc4 d6 Nc3 Be6 Bxe6 fxe6 d4 Nxd4 Nxd4 exd4 Qxd4 Qe7 e5 dxe5 Qxe5 Rd8 Bf4 Qd6 Qb5+ Qc6 Qxc6+ bxc6 Bxc7 Rd7 Ba5 Nf6 f3 Nd5 Nxd5 Rxd5 Bc7 Bd6 Bxd6 Rxd6 O-O Ke7 Rad1 Rhd8 Rxd6 Rxd6 b3 Rd2 Rf2 Rd1+ Rf1 Rd2 Rf2 Rd1+ Rf1 Rd2
2025.09.20,12:57:30,feri8888,RhysLWells,896,897,1-0,300,C00,,feri8888 won by resignation,e4 e6 Nf3 Nf6 e5 Nd5 Bc4 c6 O-O b5 Bxd5 cxd5 d4 Ba6 c3 Nc6 b3 b4 c4 dxc4 Qe2 c3 Qxa6 c2 Nbd2 Be7 Qd3 Rc8 Qxc2 Nxd4 Qd3 Nc2 Rb1 O-O Nc4 Nd4 Qxd4 d5 exd6 Bf6 Qxa7 Re8
2025.09.20,11:32:31,Slavko1947,RhysLWells,905,906,1-0,300,C01,,Slavko1947 won - game abandoned,e4 e6 Nf3 d5 exd5 exd5 d4 Nf6 Be2 Nc6 O-O Bf5 Bg5 Be7 c3 Qd7 Bb5 a6 Ba4 O-O-O Ne5 Qe6 Bxc6 bxc6 Qa4 Nd7 Qxa6+ Kb8 Bxe7
2025.09.19,14:01:14,RhysLWells,GungPranamartha,915,868,1-0,300,C55,,RhysLWells won - game abandoned,e4 e5 Nf3 Nc6 Bc4 Nf6 d3 d5 exd5 Nxd5 Bd2 Nf6 Nc3 Bd6 Qe2 O-O O-O-O Qe7 Nd5 Nxd5 Bxd5 Be6 c4 a5 Bxe6 Qxe6 Ng5 Qe7 Qh5 h6 Ne4 Qe6 Rhe1 Nb8 b3 Nd7 f4 exf4 Nxd6 cxd6 Rxe6 fxe6 Rf1 e5 g3 Nc5 Kc2 Ne6 gxf4 exf4 Qd5 Rae8 Bxf4 Kh8 Re1 Nxf4 Qxb7 Rxe1 Qc7 Ne6 Qxa5 Nd4+ Kc3 Ne6 Kb2 Rf2+ Ka3 Ra1 Kb4 Raxa2 Qb6 Ra8 Qxf2 Rb8+ Kc3 Rc8 Qe3 Ng5 h4 Nf7 Qe6 Kg8 Qxc8+
2025.09.19,12:48:54,RhysLWells,Istvn1966,907,919,0-1,300,C42,,Istvn1966 won by resignation,e4 e5 Nf3 Nf6 Nc3 Bb4 Bc4 Bxc3 bxc3 Nxe4 Nxe5 Nd6 Bb3 Qe7 d4 f6 O-O fxe5 Re1 Nf7 Bxf7+ Qxf7 dxe5 O-O Bd2 Qxf2+ Kh1 b6 Bh6 Bb7 Rg1 gxh6 Qg4+ Kh8 h3 Rg8 Raf1 Bxg2+ Qxg2 Rxg2 Rxf2 Rxf2 e6 dxe6 Re1 Nc6 Rxe6 Rxc2 Rxc6 Rxa2 Rxc7 Rd8
2025.09.19,11:38:44,farq09,RhysLWells,914,916,1-0,300,D00,,farq09 won on time,d4 d5 Nc3 c6 Bf4 Nf6 e3 h6 f3 g5 Bg3 Bg7 Bd3 e6 f4 Nbd7 Qd2 g4 h3 c5 O-O-O c4 Be2 a6 hxg4 Nb6 g5 hxg5 Rxh8+ Bxh8 fxg5 Ne4 Nxe4 dxe4 Qb4 Nd5 Qd2 Qxg5 Bf4 Nxf4 exf4 Qxg2 Bxc4 Qxd2+ Rxd2 Bd7 d5 e5 fxe5 Bxe5 Re2 f5 Nh3 f4 Rxe4 Bxh3 Rxe5+ Kd7 Rh5 Bg4 Rh4 Bf3 Rxf4 b5 Rxf3 bxc4 Rf7+ Kd6 Rf5 Rc8 Kd2 Kc5 Kc3 Rd8 b4+ cxb3 cxb3 Rc8 b4+ Kb5+ Kb3 a5 d6+ Kc6 Rf6 axb4 Kxb4 Rb8+ Kc3 Rc8 Kd4 Kd7 Kd5 Ra8 Rf8 Rxf8 a4 Rf2 Kc5 Ra2 Kb4 Kxd6 Kb3
2025.09.19,10:28:28,RhysLWells,Aputzy,926,931,0-1,300,A40,,Aputzy won by resignation,d4 e5 Nf3 e4 Nfd2 d5 f3 exf3 Nxf3 Bd6 g3 Nf6 Nc3 O-O Bg5 c6 e4 dxe4 Nxe4 Re8 Nd2 h6 Bxf6 Qxf6 Bg2 Bf5 O-O Qxd4+ Kh1 Bxe4 Bxe4 Rxe4 Nxe4 Qxe4+ Kg1 Bc5+ Rf2 Na6 Qe1 Qxc2 Rd1 Bxf2+ Qxf2 Qxd1+ Kg2 Qd5+ Kg1 Re8 h4 Qxa2 Kh2 Qc4 Qxa7 Qc2+ Kh3 Qf5+ Kg2 Re2+ Qf2 Rxf2+
2025.09.19,10:20:05,unclewin68,RhysLWells,916,936,0-1,300,C00,,RhysLWells won by resignation,e4 e6 Qf3 Nc6 c3 d5 exd5 exd5 d3 Nf6 h3 Bd6 Be2 g6 Bg5 Be7 Bd1 Ne5 Qe3 Qd6 Nf3 h6 Bf4 Nxf3+ Qxf3 Qe6+ Be2 g5 Bxc7 b6 Qe3 Qd7 Be5 O-O O-O Re8 Qg3 Nh5 Qg4 Qxg4 Bxg4 Bxg4 hxg4 Ng7 Bxg7 Kxg7 Nd2 Bd6 f3 Re2 Rfe1 Rxd2 Red1 Rxb2 Rab1 Rxb1 Rxb1 Re8
2025.09.19,07:54:20,farrowm2020,RhysLWells,849,926,0-1,300,B00,,RhysLWells won by checkmate,e4 e6 d4 d5 e5 Nc6 Nf3 f6 Bb5 a6 Bxc6+ bxc6 Nc3 c5 Be3 fxe5 Nxe5 cxd4 Qxd4 c5 Qa4+ Bd7 Nxd7 Qxd7 Qxd7+ Kxd7 O-O d4 Bxd4 cxd4 Ne4 e5 Rfd1 Rb8 c3 Nf6 Nxf6+ gxf6 cxd4 e4 b3 Rg8 g3 Bh6 Re1 f5 Rad1 Rb4 d5 Kd6 Rf1 Rd8 f3 e3 g4 f4 Rfe1 Ke5 d6 Rxd6 Rxd6 Kxd6 h3 Bg5 Rb1 Kc5 a3 Rb8 b4+ Kb5 Kf1 Bf6 Ke2 Be5 Kd3 a5 bxa5+ Kxa5 Rxb8 Bxb8 Ke4 Ka4 Kd3 Kxa3 Ke2 Kb4 Ke1 Kc5 Ke2 Kd6 Ke1 Ke6 Ke2 Kf6 Ke1 Kg5 Ke2 Kh4 Ke1 Kxh3 Ke2 Kg3 Ke1 Kxf3 Kf1 Kxg4 Ke1 h5 Kf1 h4 Ke1 h3 Kf1 h2 Kg2 e2 Kxh2 e1=Q Kg2 f3#
2025.09.18,15:56:35,007BornAgain,RhysLWells,958,918,1-0,300,C02,,007BornAgain won by resignation,e4 d5 e5 e6 d4 c5 a3 Nc6 Bb5 Bd7 Bxc6 Bxc6 Nf3 Ne7 Bg5 h6 Bh4 Qd7 dxc5 g5 Bg3 Ng6 Qd4 b6 cxb6 axb6 Nc3 Bc5 Qd2 O-O b4 Be7 O-O Kg7 Qe3 g4 Nd4 Bg5 Qe2 Nf4 Qxg4 f5 exf6+ Rxf6 Nxe6+ Nxe6 Bh4 Qf7 Bxg5 Nxg5 h4 Bd7 Qg3 Qg6 hxg5 hxg5 Nxd5 Rf7 Nxb6 Rh8 Nxd7 Rxd7 c4 Qh6 f3 Qh1+ Kf2 Rd2+ Ke3 Re8+ Kxd2 Rd8+ Ke3 Re8+ Kf2 Qh4 Qxh4 gxh4 Rh1 Rh8 Rae1 Kg6 c5 h3 Rxh3 Rxh3 gxh3
2025.09.17,19:33:58,RhysLWells,schachmattbergen,928,926,0-1,300,B12,,schachmattbergen won by resignation,e4 c6 d4 d5 e5 g6 Nf3 Bg4 Be2 e6 h3 Bxf3 Bxf3 Bh6 Nd2 Bg5 h4 Be7 c4 Bxh4 g3 Be7 c5 Bf8 b4 a6 Qe2 Bg7 Bb2 Ne7 g4 Nd7 O-O-O Nf8 a4 b6 Nb3 b5 a5 h6 Rdg1 g5 Kb1 Neg6 Bc1 f6 Nd2 fxe5 dxe5 Nxe5 Rd1 Bf6 Ne4 Nxf3 Nxf6+ Qxf6 Ka2 Rh7 Rd3 Ne5 Re3 Nc4 Rf3 Qg6 Re1 Re7 Bb2 Raa7 Bf6 Rf7 Qe5
2025.09.17,17:58:10,RhysLWells,SilvanaSilv,939,923,1/2-1/2,300,C41,,Game drawn by insufficient material,e4 e5 Nf3 d6 d4 Bg4 c3 Nf6 Nbd2 Nc6 d5 Ne7 h3 Bh5 g4 Bg6 Bd3 c6 c4 c5 h4 h6 h5 Bh7 Ng1 Qd7 f3 Nc8 Nf1 Bxe4 fxe4 Be7 Bd2 O-O g5 hxg5 Bxg5 Ng4 Bxe7 Nxe7 Ne3 Nxe3 Qe2 Ng4 O-O-O f6 Rh4 Nh6 Nh3 Qa4 Kb1 Kf7 Rg1 a6 Bc2 Qd7 Qf2 b5 Ng5+ Ke8 Ne6 Rg8 Nxg7+ Kf7 Ne6 Rxg1+ Qxg1 Rg8 Qf2 bxc4 a3 c3 Nxc5 dxc5 Qxc5 cxb2 Kxb2 Qb5+ Qxb5 axb5 Bb3 Rg2+ Kc3 Rg3+ Kb4 Kg7 d6 Nc6+ Kxb5 Rxb3+ Kxc6 Rxa3 d7 Nf7 Rg4+ Kf8 h6 Rc3+ Kd5 Rd3+ Ke6 Nxh6 Rg6 Nf7 Rxf6 Rd6+ Kf5 Rxf6+ Kxf6 Nd8 Kxe5 Ke7 Kd5 Kxd7 e5 Ke7 e6 Nxe6
2025.09.17,17:27:55,Cequence2006,RhysLWells,918,940,0-1,300,C01,,RhysLWells won by resignation,e4 e6 Nf3 Nc6 d4 d5 exd5 exd5 Nc3 Be6 Bf4 Bd6 Bxd6 Qxd6 Be2 Nf6 O-O Ne4 Nxe4 dxe4 Ng5 Bd5 Re1 O-O-O Bg4+ Kb8 b3 f6 c4 Bg8 c5 Qxd4 Qxd4 Rxd4 Ne6 Bxe6 Bxe6 Re8 Bf5 g6 Bh3 f5 f3 e3 Rad1 Rxd1 Rxd1 e2 Re1 Nb4 Kf2 Nd3+ Kg3 Nxe1
2025.09.17,15:33:00,Romashka_52,RhysLWells,929,929,0-1,300,A01,,RhysLWells won by resignation,b3 d5 Bb2 Nc6 e3 e5 Bb5 Bd7 Bxc6 Bxc6 Bxe5 f6 Bd4 Qe7 Ne2 O-O-O Nf4 Nh6 h3 Nf5 Bb2 g5 Nh5 d4 Na3 Bxg2 Rh2 Bc6 Qg4 Bd7 O-O-O Nxe3 Qxd4 Nxd1 Nxf6 Nxb2 Kxb2 Bg7
2025.09.17,14:54:47,RhysLWells,zaurikatsitadze,916,947,0-1,300,C41,,zaurikatsitadze won on time,e4 e5 Nf3 d6 d4 Bg4 d5 Nf6 Nc3 a6 h3 Bd7 Be3 Be7 g4 c5 dxc6 Bxc6 Bd3 O-O Qe2 Qa5 Bd2 Qb6 O-O-O Nbd7 g5 Nh5 Ne1 g6 Be3 Qc7 Nd5 Qd8 Nxe7+ Qxe7 Kb1 b5 Ng2 f5 exf5 Bxg2 Rhg1 Bxh3 f6 Qe6 Be4 Kh8 Bxa8 Rxa8 Qf3 Rf8 Qd5 Qxd5 Rxd5 Ndxf6 Rxd6 Ne4 Rgd1 Nxf2 Bxf2 Rxf2 b3 Kg7 Rd7+ Bxd7 Rxd7+ Rf7 Rd1 Re7 a4 e4 axb5 axb5 Kb2 e3 Re1 e2 Kc3 Ng3 Kb4 Re5 c4 bxc4 bxc4 Rxg5 c5 Rg4+ Kb5 Rg5 Kb6 Rxc5 Kxc5 Kf6 Kd4 Kf5 Ke3 Kg4 Kf2 h5
2025.09.17,12:51:46,amaherz,RhysLWells,950,928,1-0,300,C50,,amaherz won on time,e4 e5 Nf3 Nc6 Bc4 f6 d3 Nge7 Nc3 a6 Nd5 Nxd5 exd5 Ne7 Nh4 d6 Nf5 Nxf5 Qh5+ g6 Qf3 Bd7 c3 b5 Bb3 Bg7 d4 exd4 Qe4+ Ne7 O-O O-O f4 f5 Qf3 dxc3 bxc3 Re8 Bd2 a5 Bc2 Bc8 Rfe1 Bb7 h4 b4 c4 Bxa1 Rxa1 c6 h5 cxd5 cxd5 Bxd5 Qd3 Bf7 h6 Nd5 Qd4 Kf8 Qg7+ Ke7 Re1+ Kd7 Qxf7+ Re7 Rxe7+ Nxe7 Qxh7 Qb6+ Kh1 a4 Qf7 b3 axb3 axb3 Bxb3 Ra1+ Kh2 Qg1+ Kg3 Ra3 Qe6+ Kd8 Qxd6+ Ke8 Qxa3 Qb6 Ba4+ Kf7 Qb3+ Qxb3+ Bxb3+ Kf8 Bc3
2025.09.17,12:48:43,RhysLWells,MrP_1989,941,904,1-0,300,B01,,RhysLWells won by resignation,e4 d5 exd5 Qxd5 Nc3 Qd8 Nf3 e6 d3 Nc6 Bf4 Bd6 Bg3 Bxg3 hxg3 Bd7 b3 Qe7 Nb5 O-O-O Nfd4 a6 Nxc6 Bxc6 Na7+ Kb8 Nxc6+ bxc6 c3 Nf6 d4 Nd5 Bxa6 Nxc3 Qd2 Qb4 Rc1 Qxd4 Qxd4 Rxd4 Rxc3 Rhd8 O-O
2025.09.17,12:39:07,AtreyaG1,RhysLWells,927,928,1-0,300,C50,,AtreyaG1 won on time,e4 e5 Nf3 Nc6 Bc4 f6 Nc3 Nge7 d3 g5 Be3 b6 Qe2 a6 a4 Bb7 Nd5 Nxd5 exd5 Nb4 O-O Nxd5 Bxd5 Bxd5 c4 Bb7 b4 Bxb4 Rab1 Bd6 a5 O-O axb6 c5 d4 exd4 Nxd4 cxd4 Bxd4 Re8 Qh5 Be4 Qh6 Bxb1 Bxf6 Re7 Qxg5+ Kf8 Qh6+ Ke8 Bxe7 Qxe7 Rxb1 Rb8 g3 Rb7 Qd2 Bc5 Re1 Qxe1+ Qxe1+ Kd8 Qa5 Rxb6 Qxc5 Rb1+ Kg2 a5 Qxa5+ Ke7 Qe5+ Kd8 Qh8+ Kc7 Qxh7 Rc1 Qe4 Rd1 h4 d6 h5 Kd7 Qg4+ Ke7 Qxd1
2025.09.17,11:41:41,RhysLWells,elsheerbeeny11,942,960,0-1,300,B01,,elsheerbeeny11 won on time,e4 d5 exd5 Qxd5 Nc3 Qd6 Nf3 Nc6 b3 Bg4 Be2 Bxf3 Bxf3 Nf6 h3 O-O-O d3 e5 Nb5 Qd7 Be3 Qe7 Bxa7 Qb4+ Qd2 Qxb5 Bxc6 Qxc6 Be3 Qxg2 Rf1 Qxh3 O-O-O e4 d4 Ba3+ Kb1 Qe6 Qc3 Nd5 Qa5 Nxe3 Qxa3 Nxd1 Rxd1 e3 fxe3 Qxe3 d5 Qf3 Re1 Rxd5 Qa8+ Kd7 Qxh8 Rd1+ Rxd1+ Qxd1+ Kb2 Qd4+ c3 Qd2+ Ka3 Qd6+ b4 Qg6 Qg8 h6 Qa8 b6 Qd5+ Qd6 Qb5+ Ke7 Qe2+ Qe6 Qh2 c6 Qc7+ Qd7 Qxb6 h5 Qe3+ Qe6 Qc5+ Qd6 Qa7+ Qd7 Qe3+ Kf8 Qc5+ Qe7 Qxh5 Qa7+ Kb3 g6 Qh8+ Ke7 Qe5+ Kf8 Qd6+ Qe7 Qxc6 Qe6+ Qxe6 fxe6 b5 Ke8 b6 Kd8 Kb4 g5 c4 g4 c5 g3 c6 g2 c7+ Kc8 Kc5 g1=Q+ Kc6 Qc1+ Kb5 Qg5+ Ka6 Qg2 b7+ Qxb7+
2025.09.17,11:33:13,RhysLWells,Vipershah69,956,969,0-1,300,C41,,Vipershah69 won on time,e4 e5 Nf3 d6 d4 Bg4 d5 Qf6 Nbd2 Nd7 h3 Bxf3 Nxf3 Nc5 Bg5 Qg6 Bd3 h6 Be3 Nxd3+ cxd3 Nf6 g3 Be7 Qa4+ Nd7 Rc1 Bd8 Nh4 Qf6 Nf5 g6 Nxh6 g5 Ng4 Qf3 Rc2 Qxh1+ Ke2 Qxh3 Nxe5 dxe5 d6 Qg4+ Kd2 cxd6 d4 Rh2 dxe5 dxe5 Kc3 Rc8+ Kd3 Rh1 Rxc8 Rd1+ Bd2 Qf3+ Kc2 Qe2 Qb4 Nb6 Rxd8+ Kxd8 Qd6+ Nd7 b3 Qxe4+ Qd3 Qxd3+ Kxd3 Rf1 Bxg5+ f6 Be3 Ra1 a4 Ra3
2025.09.17,10:33:56,RhysLWells,Sirojiddin0427,971,932,1-0,300,C50,,RhysLWells won by resignation,e4 e5 Nf3 Nc6 Nc3 Nf6 Bc4 Bc5 d3 O-O Qe2 d6 Be3 Bxe3 Qxe3 Bg4 O-O-O Bxf3 gxf3 Nd4 Nd5 c6 Nc3 b5 Bb3 Nxb3+ cxb3 c5 f4 b4 Na4 Qd7 f5 d5 Rhg1 g6 Nxc5 Qc6 f3 a5 Kb1 d4 Qc1 a4 Nxa4 Qxa4 bxa4 Rxa4 b3 Ra3 fxg6 fxg6 Qc4+ Kg7 Qxb4 Rfa8 Qb7+ Kh6 Rd2 Ne8 Qe7 Ng7 Qxe5 Nh5 Qxd4
2025.09.17,10:32:51,saeedrostami391939,RhysLWells,912,956,0-1,300,D10,,RhysLWells won - game abandoned,d4 d5 c4 Nf6 Nc3 c6 h3 Nbd7 Nf3 Nb6
2025.09.17,10:25:57,Physay,RhysLWells,969,941,0-1,300,B00,,RhysLWells won - game abandoned,e4 e6 d4 d5 e5 Nc6 Nf3 a6 Nc3 Bb4 Bd2 f6 a3 Ba5 b4 Bb6 exf6 Nxf6 Bg5 h6 Bh4 Bd7 Bd3 Nxd4 Rb1 Qe7 Nxd4 Bxd4 Ne2 Bb6 O-O g5 Bg3 O-O-O c3 Ne4 Bxe4 dxe4 Nd4 Rhf8 a4 Bc6 b5 axb5 axb5 Bd5
2025.09.17,10:11:20,RhysLWells,GH_ErpanGGG,921,883,1-0,300,C40,,RhysLWells won on time,e4 e5 Nf3 Qf6 Bc4 Bc5 O-O Nc6 c3 d6 d3 Be6 Bb3 O-O-O Bg5 Qg6 Bxd8 Nh6 Bh4 Bh3 g3 Nf5 Bg5 Nh4 Bxh4 h5 Re1 Qg4 d4 g5 Nxg5 Rg8 Qxg4+ hxg4 Nxf7 Rf8 dxc5 Nd4 cxd4 Rxf7 Bxf7 Bf1 Kxf1 dxc5 dxc5 Kb8 Nc3
2025.09.17,10:03:58,RhysLWells,SagoandSassy,904,888,1-0,300,C50,,RhysLWells won by checkmate,e4 e5 Nf3 Nc6 Bc4 Bc5 d3 d6 Nbd2 Nf6 Nb3 Bb6 Qe2 Bg4 h3 Bxf3 gxf3 O-O Be3 Nd7 Rg1 g6 Bg5 Nf6 c3 Re8 O-O-O Qe7 h4 a5 h5 a4 Na1 Kh8 hxg6 fxg6 Rh1 Rf8 Rdg1 Qg7 f4 Nh5 fxe5 Nxe5 Be6 Nf3 Rg2 Nxg5 Rxh5 gxh5 Qxh5 Qf6 Bf5 Ne6 Qxh7#
2025.09.17,09:31:27,yopcrazy,RhysLWells,914,885,1-0,300,B00,,yopcrazy won - game abandoned,e4 Nc6 Nf3 e6 Nc3 Bc5 d4 Bb6 Be2 d5 O-O
2025.09.16,19:16:22,1MDollar,RhysLWells,935,905,1-0,300,C21,,1MDollar won by checkmate,e4 e5 d4 d5 dxe5 dxe4 Qxd8+ Kxd8 f3 exf3 gxf3 Nd7 h4 Nxe5 Bg2 Bd6 Nc3 Be6 b3 Nf6 Bg5 Re8 Bxf6+ gxf6 O-O-O Ke7 f4 Nc6 Bxc6 bxc6 Ne4 Bxf4+ Kb2 Rad8 Rxd8 Rxd8 c4 Bf5 Nc5 Rd2+ Ka3 Bd6 b4 Bxc5 bxc5 Be4 Rh3 Rc2 Kb3 a5 a4 Rc1 Ne2 Rb1+ Ka3 f5 Re3 Kf6 Nc3 Rh1 Nxe4+ fxe4 Rxe4 Rh3+ Kb2 Kf5 Re7 Kg6 Rxc7 Rxh4 Rxc6+ f6 Kc3 h5 Rd6 Re4 c6 Re7 Rd7 Re8 c7 Re3+ Kd4 Re1 c8=Q h4 Qg8+ Kf5 Qd5+ Kg6 Qg2+ Kf5 Qf2+ Ke6 Qxe1+ Kxd7 c5 Kc6 Qxh4 f5 Qf6+ Kb7 c6+ Kc7 Ke5 f4 Kxf4 Kb6 Qd6 Ka7 c7 Ka8 c8=Q+ Ka7 Qda6#
2025.09.16,17:41:54,RhysLWells,Aiii_ishuuu,925,740,1-0,300,C42,,RhysLWells won by checkmate,e4 e5 Nf3 Nf6 d3 Nc6 Be3 Nd4 Nxd4 exd4 Bxd4 b6 g3 c5 Bc3 h5 Bg2 Bd6 Qe2 Rb8 e5 Bxe5 Qxe5+ Kf8 Qxb8 d6 Qxa7 Nd5 Bxd5 f6 O-O h4 Qf7#
2025.09.16,16:02:51,Crusaders96,RhysLWells,864,910,0-1,300,B12,,RhysLWells won - game abandoned,d4 d5 e4 c6 e5 Bf5 Nf3 f6 h3 e6 Nc3 Ne7 Bd3 Bg6 Be3 Nf5 Bxf5 Bxf5 O-O Qd7 exf6 gxf6 Nh4 Be4 Nxe4 dxe4 Qh5+ Qf7 Qg4 f5 Qf4 Be7 g4 Bxh4 gxf5 exf5 Qxh4 Nd7 Bh6 Nf6 Kh2 Ke7 Rg1 Rhg8 Rxg8 Rxg8 f4 exf3 Re1+ Kd7 Qf4 Nd5 Qxf3 f4 h4 Ne3 Qh3+ Ng4+ Kg1 Kc7
2025.09.16,15:56:16,RhysLWells,Deepakg023,889,854,1-0,300,C25,,RhysLWells won by checkmate,e4 e5 Nc3 c6 Nf3 Qf6 d4 exd4 Nxd4 Bb4 f3 Bxc3+ bxc3 Ne7 Bd3 O-O O-O d5 Re1 Qg6 Ne2 Bh3 Ng3 a6 exd5 Bf5 Rxe7 Bxd3 Qxd3 cxd5 Qxd5 Nc6 Re1 Rad8 Qe4 Qf6 Bb2 Rfe8 Qxe8+ Rxe8 Rxe8#
2025.09.16,15:47:33,RhysLWells,mestrebizum,865,864,1/2-1/2,300,B08,,Game drawn by repetition,e4 g6 d4 Bg7 Nf3 d6 Bc4 Nf6 Nc3 O-O Be3 Be6 Bb3 Bxb3 axb3 a6 Qd3 Nc6 Na2 Ng4 h3 Nxe3 Qxe3 f5 e5 dxe5 dxe5 f4 Qe2 Rf5 Rd1 Qf8 O-O Nxe5 Nxe5 Rxe5 Qc4+ Kh8 Rfe1 Rf5 Nc3 f3 g3 b5 Qxc7 Rc8 Qxe7 Qxe7 Rxe7 Bxc3 bxc3 Kg8 c4 bxc4 bxc4 Rfc5 Rd4 Rxc4 Rxc4 Rxc4 Ra7 Rxc2 Rxa6 Rc1+ Kh2 Rf1 g4 Rxf2+ Kg3 Rf1 Ra2 Kg7 Rf2 Rg1+ Kxf3 Kh6 Rh2 Rf1+ Kg2 Rc1 h4 Rc2+ Kg3 Rxh2 Kxh2 g5 h5 Kg7 Kg3 Kf6 Kf3 h6 Ke4 Ke6 Kf3 Ke5 Ke3 Kd5 Kd3 Ke5 Ke3 Kd5 Kd3 Ke5 Ke3
2025.09.16,13:57:51,hughcarr14,RhysLWells,751,865,0-1,300,D00,,RhysLWells won by checkmate,d4 d5 Nc3 Nc6 Bf4 f6 Nb5 e5 dxe5 fxe5 Bg3 a6 Nc3 Nf6 Nf3 Bd6 e3 Bf5 Bd3 e4 Bxe4 dxe4 Bxd6 exf3 Be5 fxg2 Rg1 Nxe5 Qxd8+ Rxd8 Rxg2 Bxc2 Rxg7 Bd3 Rxc7 b5 f4 Nf3+ Kf2 Nxh2 Rh1 Nfg4+ Kg3 Rg8 Rxh7 Bxh7 Ne4 Bxe4 Kh3 Nf3 Rc1 Nf2#
2025.09.16,13:36:13,Phe-ej,RhysLWells,892,844,1-0,300,C03,,Phe-ej won by checkmate,d4 e6 Nd2 d5 e4 Nc6 c3 Bd6 Ngf3 f6 Qe2 Nge7 e5 fxe5 Nxe5 Nxe5 dxe5 Bc5 Qb5+ Nc6 Qxc5 Bd7 Nf3 b6 Qb4 Nxb4 cxb4 Qe7 Bd3 Qxb4+ Bd2 Qxb2 O-O Bb5 Bc3 Qxc3 Bxb5+ c6 Ba4 b5 Rac1 Qb4 Bb3 c5 Ng5 Ke7 Rb1 Qd2 Nf3 Qh6 g3 Rab8 Nh4 c4 Bc2 g6 Nf3 Rhf8 Nd4 Kd7 Nxb5 Rb7 Ba4 Ke7 Rbd1 a6 Nd4 Rb4 Nc6+ Kf7 Nxb4 c3 Rd3 d4 Rxd4 Qg5 Rf4+ Kg7 Rxf8 Kxf8 Nc2 Qf5 Rb1 Qxc2 Rb8+ Kg7 Bxc2 Kh6 Rb7 Kg5 Rb6 h6 Rxe6 h5 Rxg6#
2025.09.16,12:59:47,RhysLWells,R0_0R_IMB,873,769,1-0,300,C40,,RhysLWells won on time,e4 e5 Nf3 Qf6 Nc3 Bc5 d3 c6 Qe2 d6 Be3 Bb6 O-O-O Bxe3+ fxe3 a5 d4 b5 dxe5 dxe5 Qd2 Bd7 h3 b4 Na4 Qe6 Nc5 Qxa2 c3 bxc3 Qxc3 Nf6 Bc4 Nxe4 Nxe4 Qa1+ Kc2 Qa4+ Bb3 Qxe4+ Rd3 a4 Ba2 a3 bxa3 c5 Nxe5 Qxg2+ Rd2 Qxh1 Bxf7+ Kd8 Nxd7 Qe4+ Rd3 Nxd7 Kc1 Qh1+ Kc2 Qg2+ Rd2 Qe4+ Qd3 Qa4+ Qb3 Qxa3 Rxd7+
2025.09.16,12:59:25,Albanec05,RhysLWells,954,846,1-0,300,C23,,Albanec05 won by checkmate,e4 e5 Bc4 Nc6 Qh5 Nf6 Qxf7#
2025.09.16,12:21:19,eminbageur,RhysLWells,840,875,0-1,300,B00,,RhysLWells won on time,e4 d5 e5 e6 d4 Nc6 Nf3 h6 Nc3 Bb4 Bd2 f6 Bb5 a6 Bxc6+ bxc6 Nxd5 Bxd2+ Qxd2 cxd5 Qc3 a5 Nd2 Ba6 Qxa5 Ne7 Nb3 Bf1 Rxf1 Rxa5 Nxa5 O-O O-O-O Qa8 b4 Nc6 Kd2 Nxa5 bxa5 Qxa5+ c3 Qxa2+ Ke1 Rb8 f3 Qb1 Rxb1 Rxb1+ Kf2 Rb3 Rc1 Kh7 f4 Kg6 g4 f5 gxf5+ Kxf5 Ke2 Kxf4 Rf1+ Ke4 Rf3 Rb2+ Kd1 Kxf3 Kc1 Rxh2
2025.09.16,12:16:34,RhysLWells,Akash_Ya,832,813,1-0,300,B13,,RhysLWells won by resignation,e4 d5 exd5 c6 Nf3 cxd5 d4 Nc6 Bb5 Bg4 c3 e6 h3 Bxf3 Qxf3 Nf6 Nd2 Be7 O-O O-O b4 a6 Bd3 Rc8 Ba3 Na7 Rac1 a5 Nb3 axb4 cxb4 Rxc1 Rxc1 Qb6 Nc5 Nb5 Bxb5 Qxb5 Qd3 Bxc5 Qxb5
2025.09.16,11:53:10,paskar80,RhysLWells,721,781,0-1,300,B07,,RhysLWells won - game abandoned,e4 d6 d4 Nc6 d5 Na5 Nf3 f6 h3 e6 Nc3 Ne7 Be2 c6 dxc6 Naxc6 Bb5 a6 Ba4 b5 Bb3 g5 O-O Bg7 Be3 O-O a3 Kh8 Nd4 d5 exd5 exd5 Nxc6 Nxc6 Bxd5 Bb7 Qg4 Ne5 Qd4 Bxd5 Nxd5 Rc8 f4 Nc6 Qd3 Ne7 Nxe7 Qxe7 fxg5 Rcd8 Qe2 fxg5 Rxf8+ Rxf8 c3 h6 Re1 Re8 b4 Bxc3 Rd1 Qxe3+ Qxe3 Rxe3 Rd8+ Kg7 Kf1 Bb2 Rd6 Bxa3 Rxa6 Bxb4 Rb6 Re5 Kf2 Bc5+ Kf3 Bxb6 g4 Rc5
2025.09.15,19:08:46,RhysLWells,Erikgamberro,678,637,1-0,300,C45,,RhysLWells won on time,e4 e5 Nf3 d6 d4 exd4 Nxd4 Nc6 c3 Nxd4 cxd4 Nf6 Nc3 Bg4 f3 Bh5 g4 Bg6 Bg5 Be7 Bd3 O-O f4 h6 Bh4 c6 f5 Bh7 Bg3 d5 e5 Nd7 e6 fxe6 fxe6 Nf6 Rf1 Bd6 Ne2 Bxg3+ Nxg3 Bxd3 Qxd3 Re8 Qf5 Qd6 O-O-O Rxe6 g5 hxg5 Qxg5 Ne4 Nxe4 dxe4 Rg1 Re7 h4 Rf8 Qd2 Qf4 Qxf4 Rxf4 h5 Rh4 Rh1 Rxh1 Rxh1 Re6 Kd2 e3+ Ke2 b6 Rh3 c5 d5 Re5 d6 Rd5 Rxe3 Rxd6 Re5 Rh6 Kd3 a5 Kc4 Kh8 Kb5 Kg8 a4 Kf7 b3 Kf6 Rd5 Ke6 Rg5 Kf6 Rg6+ Rxg6 hxg6 Kxg6 Kxb6
2025.09.15,19:01:58,RhysLWells,Ofr45,609,751,0-1,300,C02,,Ofr45 won by checkmate,e4 e6 Nf3 d5 e5 c5 d4 Qb6 Be3 Qxb2 Nbd2 Nc6 Nb3 cxd4 Nfxd4 Bb4+ Bd2 Bxd2+ Qxd2 Nxd4 Qxd4 Qxd4 Nxd4 Ne7 Bd3 Nc6 c3 Bd7 Ke2 Nxe5 Rab1 Nxd3 Kxd3 b6 Ke3 O-O f4 Rac8 Rhc1 Rc4 f5 Rfc8 Kd3 e5 Nb5 Bxf5+ Ke3 Bxb1 Nd6 Rxc3+ Rxc3 Rxc3+ Kf2 Rc2+ Kg3 Rxa2 Nb5 a5 Nc7 a4 Nxd5 a3 Nb4 Rb2 Nd3 Bxd3 Kf3 a2 Ke3 a1=Q Kxd3 Qa3+ Kc4 Rb4+ Kd5 Qa5+ Kc6 Rc4+ Kd7 Qd5+ Ke8 Rc8+ Ke7 Qe6#
2025.09.15,18:59:24,SalehEmad1,RhysLWells,561,672,0-1,300,B13,,RhysLWells won by checkmate,d4 d5 e4 c6 exd5 cxd5 Bb5+ Nc6 Bxc6+ bxc6 Nc3 Nf6 Nf3 e6 Ne5 Bd6 Nxc6 Qc7 Bg5 Qxc6 Bxf6 gxf6 O-O Rb8 Rb1 Bc7 Ne2 Qd6 c3 Qxh2#
2025.09.15,18:54:39,fredyman2010,RhysLWells,447,584,0-1,300,B01,,RhysLWells won - game abandoned,e4 d5 exd5 Qxd5 Nc3 Qa5 Bc4 c6 Qf3 f6 Nge2 e5 b4 Qd8 O-O Ne7 d3 b5 Bb3 Na6 a4 Nxb4 axb5 Nxc2 Bxc2 Bb7 Ba4 Qc7 bxc6 Nxc6 Bxc6+ Bxc6 Qe3 Bd6 f4 O-O fxe5 Rfe8 exd6 Qxd6
2025.09.15,18:44:57,RhysLWells,ank-das,463,255,1-0,300,C50,,RhysLWells won - game abandoned,e4 e5 Nf3 Nc6 Bc4 Na5 Bd3 Qf6 b3 Qg6 O-O Nf6 Nxe5 Qh6 Nf3 Qf4 g3 Qg4 Be2 Qe6 d3 g5 Nxg5 Qe5 c3 h6 Bf4 Qc5 Be3 Qe5 Nf3 Qb5 d4 Qc6 Ne5 Qe6 Nd2 Nxe4 Nxe4 Bd6 f4 Qh3 Nxd6+ cxd6 Bg4 Qxf1+ Kxf1
2025.10.28,20:24:02,RhysLWells,waf68,834,804,1-0,300,D02,,RhysLWells won by checkmate,d4 d5 Nf3 Bf5 Bf4 e6 h3 Bd6 Bd2 Nc6 g4 Bg6 Bg2 Nge7 h4 h6 h5 Bh7 Na3 Qd7 c3 O-O-O O-O g6 hxg6 Bxg6 Nh4 Bh7 Bxh6 Bg8 Bg5 f6 Bxf6 Rh6 Bxe7 Bxe7 c4 Rxh4 cxd5 Qd6 f4 exd5 Nb5 Qg6 Bf3 Rf8 f5 Qh7 Rf2 Rh1+ Bxh1 a6 Nc3 Bf6 Nxd5 Bg7 f6 Bh8 Ne7+ Nxe7 fxe7 Qxe7 Rxf8+ Qxf8 Qf1 Qe8 Qf3 Kb8 Qxb7#
2025.10.28,19:41:34,ltk2023,RhysLWells,864,826,1-0,300,D00,,ltk2023 won on time,d4 d5 Bg5 f6 Bh4 e6 e3 a6 Nc3 c6 Nf3 Nd7 Bd3 Ne7 Ne5 fxe5 dxe5 Nxe5 Qh5+ N5g6 Bxg6+ Kd7 e4 Nxg6 Bxd8 Kxd8 Qg5+ Be7 Qg3 Rf8 exd5 cxd5 Rd1 Bd7 Qh3 h6 Qh5 Nf4 Qg4 g5 Kf1 e5 Qf3 Bc6 Nxd5 Nxd5 Qh5 Rf6 c4 Rd6 cxd5 Bxd5 Qg4 Rc8 Qb4 Rd7 Qa5+ Rcc7 Rxd5 Rxd5 Qxd5+ Bd6 Qg8+
2025.10.27,20:50:12,Drewser77,RhysLWells,853,833,1-0,300,C30,,Drewser77 won - game abandoned,e4 e5 f4 Nc6 Nf3 exf4 d4 Nf6 e5 Nd5 Bc4 Nce7 O-O a6 Ng5 b5 Bb3 h6 Nxf7 Kxf7 Rxf4+ Ke8 Qf3 d6 exd6 Nxf4 Qxf4 cxd6 Qf7+ Kd7 Bd2 Kc7 Ba5+
2025.10.27,20:42:48,RhysLWells,Mahmad04,841,863,0-1,300,D02,,Mahmad04 won by resignation,d4 d5 Nf3 g6 Bf4 Bg7 Nc3 c6 g3 Na6 b3 Nf6 Bg2 O-O Qd2 Bf5 Nh4 Bd7 Bh6 Nh5 Bxg7 Nxg7 h3 e5 g4 Qxh4 dxe5 Nc5 b4 Na6 O-O-O Nxb4 Kb2 Be6 a3 Na6 f4 b5 Na2 Qg3 Bf3 Qh4 Nb4 Nxb4 Qxb4 a5 Qc3 Rfc8 Ka1 b4 Qb3 Qe7 a4 d4 Rxd4 Bxb3 cxb3
2025.10.26,14:02:24,longl1hhh,RhysLWells,813,849,0-1,300,C50,,RhysLWells won on time,e4 e5 Nf3 Nc6 Bc4 f6 Nc3 Bb4 O-O a6 a3 Be7 d4 d6 d5 Na5 Be2 g5 b4 Nc6 Bd2 Nb8 a4 c6 b5 cxd5 Nxd5 Nd7 Nxe7 Qxe7 bxa6 bxa6 Rb1 Nh6 h4 O-O hxg5 fxg5 Bxg5 Qg7 Bxh6 Qxh6 g3 Nf6 Kg2 Nxe4 Rh1 Qg6 Bd3 Bf5 Nh4 Bh3+ Rxh3 Rxf2+ Kg1 Qf7 Bxe4 Rf8 Bd5 Rf1+ Qxf1 Qxd5 Qxa6 Qd4+ Kh1 Qe4+ Ng2 Qxc2 Rf1 Rxf1+ Qxf1 Qxa4 Qf5 Qd1+ Kh2 d5 Qxh7+ Kf8 Qh8+ Ke7 Qg7+ Kd6 Qf6+ Kc5 Qxe5 Qd4
2025.10.26,13:58:17,RhysLWells,BJJNEMESIS,842,818,1-0,300,D02,,RhysLWells won by resignation,d4 d5 Nf3 Nc6 Nbd2 e6 c4 dxc4 Nxc4 Nf6 Bg5 Be7 e4 Nxe4 Bxe7 Qxe7 Bd3 Nd6 Nce5 Nxe5 dxe5 Nf5 O-O O-O Bxf5 exf5 Re1 f4 Qd2 Bg4 Qxf4 Bxf3 Qxf3 Qb4 b3 c5 h3 Rae8 Re4 Qb5 Rd1 f6 exf6 Rxe4 Qxe4 Rxf6 Rd8+ Rf8 Qd5+
2025.10.25,18:11:41,RhysLWells,vinhtuquy,834,838,0-1,300,C44,,vinhtuquy won by checkmate,e4 d6 d4 Nc6 Nf3 e5 c3 exd4 cxd4 Nf6 Nc3 Bg4 Be2 Qe7 h3 Bh5 g4 Bg6 Nd2 Nxd4 Bc4 Nc6 f3 O-O-O Qe2 Nd7 Nd5 Qe5 f4 Qd4 f5 Nb6 Nxb6+ axb6 fxg6 Ne5 gxf7 Be7 Nb3 Bh4+ Kf1 Qxc4 Qxc4 Nxc4 Bf4 Rhf8 Kg2 Rxf7 Bg3 Ne3+ Kh2 Bxg3+ Kxg3 Rdf8 Nd4 g5 Ne6 Rf3+ Kh2 Rf2+ Kg1 Rg2#
2025.10.25,16:55:01,Bielxmns,RhysLWells,876,842,1-0,300,A04,,Bielxmns won by resignation,Nf3 e6 e3 Bc5 Nc3 Nc6 Na4 Bd6 b3 a6 Bb2 f6 Bd3 Nb4 Qe2 Nxd3+ Qxd3 b5 Nc3 Bb7 Qe2 c5 d4 cxd4 Nxd4 Bxg2 Rg1 Bb7 Rxg7 Bxh2 Qh5+
2025.10.25,16:44:47,ErnieQuinch,RhysLWells,886,850,1-0,300,C00,,ErnieQuinch won on time,e4 e6 Nf3 Nc6 Nc3 Bc5 d4 Bb6 Bb5 a6 Bxc6 bxc6 O-O Ne7 Be3 Bb7 b4 O-O a4 a5 b5 h6 bxc6 Nxc6 Nb5 Nb4 c3 Na6 Qd3 c6 Na3 Nc7 Nc4 Ne8 Rab1 Ba6 Rxb6 Bxc4 Qxc4 Qxb6 d5 Qc7 Bc5 Nd6 Qd4 cxd5 e5 Rfb8 Bxd6 Qa7 Bxb8 Qxd4 cxd4 Rxb8 h3 Rb4 Ra1 g6 g4 Kg7 Kg2 f6 Ra2 f5 gxf5 gxf5 Kg3 Kg6 Kf4 h5 h4 Kf7 Kg5 Ke7 Kxh5 d6 Kg5 dxe5 dxe5 d4 h5 d3 h6 Rg4+ Kh5 Rg8 h7 Rh8 Ng5 f4 Rb2 Kd7 Rd2 Kc6 Rxd3 Kc5 Rf3 Kb4 Rxf4+ Kb3 Kh6 Kc3 Nxe6 Kd3 Ng7 Kc3 e6 Kd2 e7 Ke2 e8=Q+ Rxe8 Nxe8 Kf1 h8=Q
2025.10.22,12:44:47,RhysLWells,fatty100kg,857,869,0-1,300,D02,,fatty100kg won on time,d4 d5 Nf3 Bg4 Qd3 Bxf3 Qxf3 Nc6 e3 f6 Bd3 e5 Bd2 exd4 exd4 Nxd4 Qd1 Qe7+ Kf1 O-O-O c3 Ne6 Be3 c6 Bxa7 Qd6 Nd2 Nh6 Bb6 Rd7 Qa4 Nf4 Qa8+ Qb8 Qxb8+ Kxb8 Bc2 c5 g3 Ne6 Kg2 Rd6 Ba5 b6 Bxb6 Rxb6 b3 Bd6 Rhe1 Bc7 Rxe6 Rxe6 Nf3 Re2 Bd3 Re6 Rd1 Rd8 Bxh7 f5 Ng5 Re7 b4 c4 g4 fxg4 Bc2 Nf7 Nh7 Re6 Rd4 Ne5 Ng5 Rf6 h3 Nf3 Nxf3 gxf3+ Kh1 Rh6 Bf5 Be5 a4 Bxd4 cxd4 Rf8 Be6 Rxe6 h4 Rh8
2025.10.22,12:34:27,RhysLWells,kitedice,865,867,1-0,300,A48,,RhysLWells won on time,d4 Nf6 Nc3 g6 Nf3 Bg7 g3 c6 Bg2 b5 Be3 Bb7 Qd2 Ng4 h3 Nxe3 Qxe3 O-O O-O-O e6 Ne5 d5 h4 h5 Bf3 Kh7 g4 hxg4 Nxg4 f5 Ne5 Bh6 Qxh6+ Kxh6 h5 gxh5 Rxh5+ Kg7 Rg1+ Kf6 Rh6+ Ke7 Ng6+ Kd6 Nxf8 Qxf8 Rgg6 Bc8 a4 Na6 axb5 Nb4 bxc6 Kxc6 Kb1 Rb8 e3 a5 Be2 Bd7 Na4 Kd6 Nc5 Re8 Nxd7 Kxd7 Rh7+ Kd8 Bb5 Re7 Rxe7 Qxe7 Rg8+ Kc7 c3 Nc6 Kc2 a4 Bxa4 Na5 Ra8 Nc4 Ra7+
2025.10.21,15:43:21,rendi1234567899,RhysLWells,869,857,1-0,300,C46,,rendi1234567899 won on time,e4 e5 Nf3 Nc6 Bc4 g6 Nc3 Nge7 O-O Bg7 a3 Na5 Ba2 c6 d4 b5 dxe5 Ba6 Ne2 c5 c3 Nec6 b3 Nxe5 Nxe5 Bxe5 Bd2 c4 bxc4 bxc4 Rb1 O-O Bh6 Re8 Nd4 Bg7 Qf3 Bxh6 Rfe1 Rb8 Rxb8 Qxb8 Rb1 Qe5 Qh3 Bg7 Qxd7 Qxe4 Nf3 Bxc3 h3 Bc8 Qc7 Nb3 Ng5 Qe7 Qg3 Be5 Qh4 h5 Qxc4 Nd2 Qxf7+ Qxf7 Bxf7+ Kf8 Bxe8 Nxb1 Bxg6 Nxa3 Bxh5 a5 Bd1 Nc4 Ne6+ Bxe6 g3 Nb2 Bc2 Ke7 Kg2 Kd6 h4 Bf7 Bh7 a4 Bb1 a3 Kh3 Nd1 Kg2 Nc3 Bc2 a2 Bb3
2025.10.19,19:42:37,RhysLWells,Radisa12321,865,834,1-0,300,B00,,RhysLWells won by resignation,d4 b6 e4 Bb7 Nc3 g6 Bf4 Bg7 Nf3 h6 Bd3 c6 h3 d6 Qd2 Nf6 e5 Nd5 exd6 exd6 Nxd5 cxd5 O-O-O O-O Bxh6 Nd7 Bxg7 Kxg7 Rhe1 Nf6 Ng5 Nh5 g4 f6 Ne6+ Kf7 Nxd8+ Raxd8 gxh5 gxh5 Qh6 Rh8 Bh7
2025.10.18,16:43:27,Chewy322,RhysLWells,831,857,0-1,300,C45,,RhysLWells won by checkmate,e4 e5 Nf3 Nc6 d4 f6 d5 Nce7 Nc3 c6 Be3 cxd5 Nxd5 Nxd5 Qxd5 Ne7 Qb5 a6 Qd3 h6 O-O-O Qa5 a3 Nc6 Bd2 Qc7 h4 d6 g4 Bxg4 Be2 Rc8 Rhg1 Bxf3 Bxf3 Nd4 c3 Nb3+ Kb1 Nxd2+ Rxd2 Be7 Rgd1 O-O Be2 Rfd8 Rg1 d5 Bd1 dxe4 Qxe4 Rxd2 Bc2 Rxc2 Kxc2 Bxa3 bxa3 Qxc3+ Kb1 Qb3+ Ka1 Qxa3+ Kb1 Qb3+ Ka1 Qc3+ Ka2 Qd2+ Ka3 Rc3+ Kb4 Qb2+ Ka5 Qb5#
2025.10.18,16:35:58,dunielh,RhysLWells,828,849,0-1,300,C60,,RhysLWells won by resignation,e4 e5 Nf3 Nc6 Bb5 Nge7 O-O a6 Ba4 b5 Bb3 d6 d3 Ng6 Ng5 Be6 Nxe6 fxe6 Bxe6 Qe7 Bd5 Qd7 Nd2 Nge7 Bb3 a5 a3 a4 Ba2 Nd4 c3 Ndc6 Nf3 h6 Nh4 O-O-O b3 d5 bxa4 dxe4 axb5 Na7 Bc4 Nxb5 dxe4 Qxd1 Rxd1 Rxd1+ Bf1 Nxc3 Bb2 Ne2+ Kh1 Rxa1 Bxa1 Nd4 Bxd4 exd4 Bb5 g5 Nf5 Nxf5 exf5 Bxa3 f3 Rd8 Kg1 d3 Kf2 d2 Ba4 Bd6 g3 Kb7 Ke2 Bb4 Bb3 Rf8 g4 c5 h3 Kb6 Kd3 Kb5 Bc4+ Kb6 Bb3 Rd8+ Ke4 d1=Q Bxd1 Rxd1 f6 c4 f7 c3
2025.10.18,16:34:12,RhysLWells,ApiitNeverFold,841,840,0-1,300,C50,,ApiitNeverFold won by checkmate,e4 Nc6 Nf3 e5 Nc3 Bc5 Bc4 d6 h3 Be6 Nd5 Nf6 Nxf6+ Qxf6 Bb3 b5 d3 Nd4 Bxe6 fxe6 Bg5 Qf7 Nxd4 Bxd4 c3 Qxf2#
2025.10.18,16:26:31,C83551,RhysLWells,810,849,0-1,300,C00,,RhysLWells won by checkmate,e4 e6 Nc3 Nf6 Nf3 Bb4 e5 Ng8 Bc4 Bxc3 bxc3 Nc6 d4 a6 a4 d6 h3 d5 Bb3 Bd7 O-O Na5 Bg5 Ne7 Bxd5 exd5 Nh4 h6 Bxe7 Qxe7 Qf3 Qxh4 Rae1 O-O-O Qxd5 Bxh3 Qxa5 Bxg2 Kxg2 Qg4+ Kh2 Qh4+ Kg2 Qg5+ Kh2 h5 Rg1 Qh4+ Kg2 Qg4+ Kh2 Qf4+ Kg2 g6 f3 h4 Kf2 h3 Re4 Qh2+ Kf1 Qxc2 Re1 h2 Rh1 Qd3+ Kg2 Qd2+ Kf1 Qd3+ Kg2 Qf5 Kf2 Qc2+ Kf1 Rh3 Re3 Qc1+ Kg2 Qxe3 Kxh3 Qg1 Rxh2 Rh8#
2025.10.18,16:20:33,RhysLWells,sabrysabry1234,841,833,1-0,300,C00,,RhysLWells won by checkmate,d4 e6 Nf3 a6 e4 h6 e5 d5 Nc3 Nd7 Bd3 Be7 g3 Nf8 Be3 Bd7 b3 Ba3 Nb1 Bb2 Nbd2 Bxa1 Qxa1 Ne7 c4 Nfg6 cxd5 Nxd5 Bxg6 fxg6 Nc4 Nxe3 Nxe3 Bb5 a4 Bd3 Qa3 Be4 Ke2 Bxf3+ Kxf3 Qxd4 Nc4 Qd5+ Kg4 h5+ Kh3 Qxh1 a5 Qf3 Qa4+ c6 Nd6+ Kd7 Nxb7 g5 Nc5+ Kc7 Nxe6+ Kd7 Nc5+ Kc7 Ne6+ Kb7 Qb4+ Ka7 Qb6#
2025.10.17,14:26:48,RhysLWells,joe_crosson,833,839,0-1,300,C28,,joe_crosson won on time,e4 e5 Nf3 Nc6 Bc4 Nf6 Nc3 Bb4 d3 Bxc3+ bxc3 O-O Rb1 b6 Qe2 Bb7 d4 Re8 d5 Na5 Bb5 c6 dxc6 dxc6 Ba4 b5 Bb3 Ba6 Qe3 Qc8 Bd2 c5 O-O c4 Bxc4 Nxc4 Qe2 Nxd2 Qxd2 Nxe4 Qe3 Nxc3 Rb3 Nxa2 Re1 Qxc2 Rbb1 Nc3 Rbc1 Ne2+ Rxe2 Qf5 h3 b4 Rb2 e4 Nd4 Qe5 Nc6 Qxb2 Rd1 Rac8 Nxa7 Rc3 Qb6 Bd3 Nb5 Rc2 Nd6 Rf8 Nc4 Qa2 Ne3 Rxf2 Kh2 Rf6 Qxb4 h6 Rc1 Re6 Nd5 Rd6 Ne7+ Kh8 Qxd6 Rg8 Nf5 Qb2 Rd1 Qc2 Qe7 Qxd1 Qxf7 Qh5
2025.10.17,14:23:28,KaravlaD,RhysLWells,862,841,1-0,300,A00,,KaravlaD won by resignation,g3 e5 Bg2 d5 c3 Nf6 Qb3 c6 Nh3 Be6 Qxb7 Nbd7 Qxc6 Bc5 Ng5 O-O Nxe6 fxe6 Qxe6+ Kh8 O-O e4 b4 Re8 Qa6 Nb8 Qb7 Re7 Qxa8 Bxf2+
2025.10.15,14:18:01,RhysLWells,Lilikame,849,843,0-1,300,D02,,Lilikame won by checkmate,d4 d5 Nf3 Bg4 h3 Bxf3 gxf3 Nf6 Nc3 h6 e4 e6 e5 Nfd7 Bb5 a6 Ba4 b5 Bb3 Nb6 a3 Nc6 Be3 Na5 a4 Nac4 axb5 axb5 Rxa8 Qxa8 Nxb5 Qb7 Bxc4 Nxc4 Nc3 Qxb2 Bd2 Bb4 O-O Bxc3 Bxc3 Qxc3 Qb1 Nb6 Rd1 O-O Rd3 Qc6 f4 f6 Qa1 fxe5 Rc3 Qd7 fxe5 Nc4 Kg2 Qf7 f3 Qg6+ Kf2 Qh5 Qa6 Qxh3 Ke2 Qg2+ Ke1 Qd2+ Kf1 Qxc3 Qxe6+ Kh8 Qxd5 Ne3+ Kg1 Nxd5 e6 Qe1+ Kg2 Ne3+ Kh3 Rxf3+ Kh2 Qf2+ Kh1 Rh3#
2025.10.14,16:44:10,elpelagabriel,RhysLWells,884,858,1-0,300,C02,,elpelagabriel won on time,e4 e6 d4 d5 e5 Nc6 c3 a6 Nf3 f6 Be3 fxe5 dxe5 Nge7 Qd3 h6 Nbd2 Ng6 Nb3 Ncxe5 Nxe5 Nxe5 Qd4 Bd6 f4 c5 Nxc5 Bxc5 Qxc5 Nd7 Qd4 O-O Bd3 b5 O-O Nf6 g3 Ng4 Bf2 Qc7 Be2 Nxf2 Rxf2 e5 fxe5 Rxf2 Kxf2 Qf7+ Kg1 Bb7 Rf1 Qe6 Rf4 Re8 Bg4 Qxe5 Bd7 Qe3+ Kg2 Qe2+ Rf2 Qe4+ Kh3 Qxd4 cxd4 Re4 Rd2 Kf7 Kg2 Ke7 Bh3 g5 g4 Kf6 Kg3 Re3+ Kg2 Re4 Rf2+ Kg6 b3 Rxd4 Rc2 Rb4 Rc7 Ba8 Ra7 Bc6 Rxa6 Rd4 Rxc6+ Kh7 Rc7+
2025.10.14,11:52:40,RhysLWells,Mrnagu,866,877,0-1,300,A40,,Mrnagu won on time,d4 e5 Nf3 Nc6 d5 Nb4 c3 Qe7 Bd2 e4 Nd4 Nxd5 e3 d6 Na3 Ngf6 h3 c5 Bb5+ Bd7 Nf5 Qe5 Bxd7+ Nxd7 g4 O-O-O Nc4 Qf6 Qa4 N5b6 Nxb6+ Nxb6 Qxa7 Nc4 O-O-O g6 Qa8+ Kc7 Qa7 gxf5 gxf5 Qxf5 Be1 Bh6 b3 Nxe3 Qa5+ Kd7 Qb5+ Ke7 Qxb7+ Kf8 Rxd6 Nc4+ Kb1 Nxd6 Qb6 e3+ Kb2 exf2 Qxd8+ Ne8
2025.10.13,16:38:02,RhysLWells,AllegedBee,874,899,1-0,300,D02,,RhysLWells won - game abandoned,d4 Nf6 Nf3 d5 Na3 e6 c3 a6 Nc2 Nc6 e3 b5 Bd3 Be7 h3 b4 cxb4 Nxb4 Nxb4 Bxb4+ Bd2 Bxd2+ Qxd2 O-O O-O c6 Ne5 Bb7 Rac1 Ne4 Bxe4 dxe4 Qc2 Rc8 Nc4 f5 Rfd1 Rf6 Ne5 Rh6 Qb3 Qf6 Nd7 Qg5 Qxb7 Re8 Qxc6 Kf7 Ne5+ Kf6 Qxe8 Rg6 Nxg6 Qxg6 Qf8+
2025.10.13,16:36:54,sanek_1807,RhysLWells,852,865,0-1,300,C50,,RhysLWells won - game abandoned,e4 e5 Nf3 Nc6 Bc4 f6 d4 Nge7 dxe5 Nxe5
2025.10.12,15:19:12,anifuti,RhysLWells,821,857,0-1,300,C40,,RhysLWells won by checkmate,e4 e5 Nf3 f6 Bc4 Nc6 Nc3 a6 d3 b5 Bb3 Bb7 a3 Na5 Bd5 Bxd5 Nxd5 c6 Nc3 Bc5 O-O Ne7 Qe2 O-O Be3 Bxe3 Qxe3 Ng6 h3 d5 exd5 cxd5 d4 e4 Nd2 Nc4 Nxc4 bxc4 b3 Rb8 b4 a5 Na4 axb4 axb4 Rxb4 Nc5 Qd6 Rab1 Rxb1 Rxb1 Rb8 Rxb8+ Qxb8 c3 Nf4 g3 Nxh3+ Kg2 Ng5 f4 exf3+ Kf2 Qb2+ Kf1 Qg2+ Ke1 Qxg3+ Kd2 Qg2+ Kd1 Qf1+ Kc2 Ne4 Nxe4 dxe4 d5 Qg2+ Kb1 f2 Qc5 f1=Q#
2025.10.12,15:05:18,Zionlazuarrr,RhysLWells,732,849,0-1,300,A00,,RhysLWells won by resignation,e3 e6 Qf3 d5 c3 Nc6 Bb5 Bd7 Bxc6 Bxc6 Ne2 d4 cxd4 Bxf3 gxf3 Qd7 Rg1 g6 b3 O-O-O Nbc3 Bb4 Ne4 Kb8 a3 Bd6 a4 Bxh2 Rh1 Bd6 a5 a6 Bb2 f5 Ng5 Ne7 Nf7 Rhf8 Nxd8 Rxd8 Bc3 Nd5 Rc1 c6 e4 Nxc3 dxc3 e5 dxe5 Bxe5 c4 Bb2 Rb1 Ba3 Kf1 Qd3 Rxh7 Qxb1+ Kg2 fxe4 Nf4 exf3+ Kxf3 Qxb3+ Kg4 Qxc4 Rh6 g5 Kxg5 Rg8+ Kh5 Qxf4
2025.10.12,13:57:09,RhysLWells,Alaaudin2,841,853,0-1,300,D02,,Alaaudin2 won on time,d4 d5 Nf3 Bf5 c3 e6 h3 h6 Bf4 f6 Nbd2 Nc6 Nh4 Bh7 g4 g5 Bg3 gxh4 Bxh4 Be7 Bg2 Qd6 Bg3 Qd7 f4 O-O-O e3 Qd6 Nf1 Na5 b3 Kb8 Qd2 Qa3 Nh2 Nxb3 axb3 Qxa1+ Qd1 Qxc3+ Qd2 Qxd2+ Kxd2 Bb4+ Ke2 Ne7 Nf3 Nc6 Bf1 Bc3 Bh4 Rde8 Bxf6 Rhg8 Rh2 Nb4 g5 Bd3+ Kf2 Bxf1 Kxf1 hxg5 Nxg5 Nd3 Rc2 Ba5 h4 Ref8 Nh7 Rf7 Be5 Nxe5 dxe5 Rg3 Ng5 Rxe3 Kf2 Re1 Nxf7 a6 h5 Bb4 h6 Rh1 Kf3 Be7 Kg4 Bf8 Rg2 Bxh6 Nxh6 Rxh6 Kf3 Rh3+ Rg3 Rh2 Rg4 Rb2
2025.10.11,09:54:10,RhysLWells,SCT_Minato,849,879,0-1,300,D02,,SCT_Minato won by checkmate,d4 d5 Nf3 Bf5 c3 Nf6 h3 e6 g4 Bg6 Nh4 Bd6 Nxg6 fxg6 Bg2 O-O e3 Ne4 h4 Nxf2 Qb3 Nxh1 Bxh1 Qxh4+ Ke2 Qxh1 Kd3 Qe4+ Ke2 Qxg4+ Kd3 Qe4+ Ke2 Qg2+ Kd3 Nd7 Nd2 Nb6 e4 Qg3+ Kc2 Rf2 e5 Be7 Qb5 Nc4 Qxb7 Raf8 Qc6 Nxd2 Qxe6+ Kh8 Bxd2 Bg5 Rd1 Bxd2 Rxd2 Rxd2+ Kxd2 Qg2+ Ke3 Rf3#
2025.10.11,09:42:51,sakhastan01,RhysLWells,860,857,1-0,300,C02,,sakhastan01 won on time,e4 e6 e5 d5 d4 Nc6 Be3 a6 c3 f6 Nf3 fxe5 Nxe5 Nxe5 dxe5 h6 Qh5+ Kd7 Bd3 Qe7 b4 b5 Bc5 Qe8 Bg6 Qd8 Be3 Ne7 Bg5 Kc6 Be8+ Kb7 Bxe7 Bxe7 Bg6 d4 Qf3+ Kb8 Be4 Rf8 Qd3 Ra7 cxd4 Bxb4+ Nc3 Bb7 Bxb7 Rxb7 O-O c6 a4 Ra7 axb5 axb5 Ne4 Rxa1 Rxa1 Rf7 Nd6 Bxd6 exd6 Qxd6 Qh7 Kb7 Qg8 Rd7 Qa8+ Kc7 Ra7+ Kb6 Ra6+ Kc7 Qa7+ Kd8 Qa8+ Ke7 Rxc6 Qxd4 g3 Qd1+ Kg2 Kf6 Qa6 Qe2 Qa1+ Kg6 Qb1+ Qe4+ Qxe4+ Kf7 Qf4+ Ke7 Qh4+ Kf7 Qh5+
2025.10.10,11:37:44,soutikdey,RhysLWells,875,865,1-0,300,C00,,soutikdey won by checkmate,e4 e6 Nf3 Nc6 Bb5 Nge7 d3 a6 Bxc6 Nxc6 Nc3 Bb4 Bd2 e5 Ne2 Bxd2+ Qxd2 d6 Qg5 Qxg5 Nxg5 f6 Nf3 Be6 O-O-O O-O-O Nc3 Nd4 Nxd4 exd4 Ne2 c5 c3 Bxa2 cxd4 Bb3 Rd2 Rhe8 dxc5 dxc5 Nc3 b6 Re1 Bf7 Kc2 Kb7 Re3 c4 dxc4 Rxd2+ Kxd2 Rd8+ Nd5 b5 cxb5 axb5 Rd3 Bxd5 Rxd5 Rxd5+ exd5 Kc7 Kd3 Kd6 Kd4 h6 f4 g6 b4 f5 g3 g5 fxg5 hxg5 h3 f4 gxf4 gxf4 Ke4 f3 Kxf3 Kxd5 Kf4 Kc4 h4 Kxb4 h5 Kc5 h6 b4 h7 b3 h8=Q b2 Qxb2 Kc6 Qc3+ Kb7 Qf6 Ka7 Ke4 Kb7 Kd5 Ka7 Kc5 Kb7 Qb6+ Ka8 Qd8+ Kb7 Qf6 Ka8 Qg7 Kb8 Kc6 Ka8 Qb7#
2025.10.09,17:38:42,RhysLWells,brandonmeza802,873,921,0-1,300,C41,,brandonmeza802 won on time,e4 e5 Nf3 d6 Bc4 Be6 h3 Bxc4 Nc3 c6 d3 Be6 Be3 Nf6 g4 g6 Qe2 Bg7 O-O-O b5 b3 b4 Nb1 c5 Nfd2 Nc6 Nc4 Na5 Nb2 Nc6 Nc4 O-O g5 Nd7 h4 h5 gxh6 Bf6 h5 g5 Rhg1 Kh7 Nxd6 Nd4 Nb7 Qe7 Bxd4 cxd4 Na5 Nb8 Nd2 Qc7 Ndc4 Bxc4 Nxc4 Nd7 Qd2 a5 Rxg5 Rg8 Rgg1 Qd8 Nd6 Rxg1 Rxg1 Qe7 Nf5 Qf8 Rg7+ Bxg7 hxg7 Qxg7 Nxg7 Kxg7 Qg5+ Kf8 Qh6+ Ke7 Qg5+ f6 Qg7+ Ke6 f3 Rf8 h6 Rf7 Qg6 Nf8 Qg4+ Ke7 Qc8 Nd7 Kb2 Rh7 a3 bxa3+ Kxa3 Rxh6 Qa6 Rh2 Qxa5 Rxc2 Qb4+ Rc5 Ka4 Kd6 Qe1 Nb6+ Ka3 Rc3 Qd2 Kc5 f4 Nd7 f5 Nb6
2025.10.09,14:22:05,audioB3AST,RhysLWells,896,880,1-0,300,A01,,audioB3AST won by checkmate,e3 e5 b3 d5 Bb2 Nc6 Nc3 Be6 Nf3 Nge7 d4 e4 Ng5 Bf5 g4 Bg6 h4 h6 Nh3 h5 Nf4 Qd7 Nxg6 Nxg6 gxh5 Nge7 Na4 b6 Bb5 Qf5 Be2 g6 hxg6 Qxg6 h5 Qf6 c4 Nb4 cxd5 Nexd5 a3 Nc6 Rc1 a6 Nc3 Nxc3 Bxc3 Bxa3 d5 Bxc1 Bxf6 Rg8 dxc6 Ba3 Qd7+ Kf8 Qxc7 b5 Qb7 Re8 c7 Bd6 c8=Q a5 Qxe8+ Kxe8 Qc8#
2025.10.08,16:42:18,RhysLWells,KevinAMadden,888,882,1-0,300,C41,,RhysLWells won on time,e4 e5 Nf3 d6 Bc4 Bg4 h3 Bh5 g4 Bg6 Nh4 Qxh4 d3 Nd7 Qf3 O-O-O Nd2 Ne7 Nb3 b6 Bxf7 Bxf7 Qxf7 h6 Qc4 Nc5 Nxc5 dxc5 Qa6+ Kb8 Be3 Nc6 O-O-O Nd4 f4 exf4 Bxf4 Ne2+ Kb1 Nxf4 Rhf1 Bd6 Rh1 Nxh3 a3 Qxg4 Rdg1 Nxg1 Ka2 Qd1 d4 Qxd4 c3 Qe3 Qa4 Ne2 Re1 Nc1+ Ka1 Qxe1 Qc6 Nb3+ Ka2 c4 Qxc4 Qa1+ Kxb3 Qd1+ Ka2 Rhf8 Qe6 Rf1 Qh3 Qa1+ Kb3 Qd1+ Ka2 Rf2 Qh4 Bc5 Qxf2
2025.10.08,16:32:36,RhysLWells,Gonz0_63,880,880,0-1,300,B07,,Gonz0_63 won on time,e4 e5 Nc3 Nf6 Nf3 d6 Bc4 Be7 h3 O-O d3 b6 Be3 Bb7 Qd2 c5 O-O-O Nc6 a3 Nd4 Nd5 Rc8 Nxe7+ Qxe7 c3 Nxf3 gxf3 a6 Rhg1 Kh8 Rg3 b5 Ba2 d5 Rdg1 Nh5 Bg5 f6 Bh4 Nxg3 Rxg3 dxe4 fxe4 Rcd8 f4 Bxe4 fxe5 Qxe5 Re3 Qf4 Bg3 Qf1+ Re1 Qxd3 Qxd3 Rxd3 Rxe4 Rxg3 Bf7 h6 Bg6 Rxg6 Re7 Rg2 Ra7 Rd8 Kb1 Rdd2 Ka2 Rxb2+ Ka1 Rbd2 Ra8+ Kh7
2025.10.08,12:27:47,sandeepbachi,RhysLWells,917,888,1-0,300,A00,,sandeepbachi won by checkmate,h3 d5 d4 Nc6 Nf3 f6 a3 Bf5 Nc3 e6 Bf4 Bd6 Bxd6 Qxd6 e3 a6 Bd3 Bg6 Bxg6+ hxg6 e4 Nge7 exd5 Nxd5 Nxd5 Qxd5 Qe2 O-O-O O-O-O Qa2 g4 Qa1+ Kd2 Qxb2 Rb1 Rxd4+ Nxd4 Qxd4+ Kc1 Qf4+ Kb2 Nd4 Qc4 Qe5 Rbd1 Nb5+ Ka2 Nc3+ Kb3 Nxd1 Rxd1 Qb5+ Qxb5 axb5 Rd3 c6 f4 Kc7 c4 bxc4+ Kxc4 b5+ Kc5 g5 fxg5 fxg5 Rd6 Rxh3 Rxc6+ Kd7 Kxb5 Rxa3 Rc5 Kd6 Rxg5 e5 Rxg7 e4 Rg8 e3 Re8 Kd7 Re4 Kd6 Kc4 Ra4+ Kd3 Ra3+ Ke2 Kd5 Rxe3 Rxe3+ Kxe3 Ke6 Kf4 Kf6 g5+ Kg6 Kg4 Kg7 Kf5 Kf7 g6+ Kg7 Kg5 Kf8 Kf6 Kg8 g7 Kh7 Kf7 Kh6 g8=Q Kh5 Kf6 Kh6 Qg6#
2025.10.08,12:22:58,RhysLWells,sectumsempram,896,853,1-0,300,C53,,RhysLWells won by resignation,e4 e5 Nf3 Nc6 c3 Bc5 Bc4 d6 h3 Nf6 d3 O-O Qe2 Re8 Nbd2 Na5 Bd5 c6 Bb3 Nxb3 Nxb3 Bb6 Bd2 Be6 O-O-O a5 Kb1 a4 Nc1 a3 b3 Bxb3 Nxb3 Qd7 Be3 Ba5 Nxa5 Rxa5 Bd2 Qe6 c4 d5 Bxa5 dxc4 dxc4 Ra8 Bb4 Ra4 Qc2 Ra8 Rd6 Qe8 Rhd1 Nxe4 Qxe4
2025.10.08,09:52:13,RhysLWells,buchipad,888,890,1-0,300,C55,,RhysLWells won by resignation,e4 e5 Nf3 Nc6 Bc4 Be7 c3 Nf6 d3 O-O Be3 b6 Qd2 Bb7 Na3 Na5 Nxe5 Nxc4 Naxc4 d6 Nf3 d5 Na3 dxe4 dxe4 Nxe4 Qxd8 Raxd8 O-O Bxa3 bxa3 Nxc3 Rac1 Ne2+ Kh1 Nxc1 Rxc1 c5 Nd2 Rfe8 Nc4 Rd3 h3 Red8 Kh2 Ba6 Ne5 Rxa3 Ra1 c4 Bc1 Ra5 Nc6 Rdd5 Nxa5 Rxa5 Bd2 Rc5 Bc3 b5 Re1 Kf8 Bb4 g6 Bxc5+ Kg7 Bxa7 b4 Bd4+ f6 Rc1 Kf7 Kg3 Ke6 Kf3 f5 Ke3 g5 f3 Kd5 Ba1 f4+ Kd2 c3+ Bxc3 bxc3+ Rxc3 h5 Ra3 g4 hxg4 hxg4 fxg4 Bc4 g5 Ke4 Ra4 Kd4 Rxc4+ Kxc4 Ke2
2025.10.07,20:09:06,talh46,RhysLWells,905,880,1-0,300,D02,,talh46 won - game abandoned,d4 e6 Bf4 d5 Nf3 f6 e3 Ne7 Nc3 a6 Bd3 Nbc6 e4 g6 Qe2 Bg7 a3 dxe4 Nxe4 f5 Neg5 Nxd4 Nxd4 Bxd4 Nxe6 Bxe6 Qxe6 Bxb2 Rb1 Bxa3 O-O Bd6 Bh6 Qd7 Qe2 O-O-O Bxa6 Bxh2+ Kh1 Qd2 Bxb7+
2025.10.06,16:17:50,RhysLWells,macbeast08,888,907,0-1,300,B01,,macbeast08 won - game abandoned,e4 d5 exd5 Qxd5 Nc3 Qe5+ Be2 Bg4 f3 Bf5 g4 Bg6 d3 h5 Nh3 Nc6 Bf4 Qa5 Nf2 e5 Bd2 Bb4 a3 Bxc3 Bxc3 Qb6 b4 O-O-O Ne4 hxg4 fxg4 Bxe4 Rf1 Nf6 Qb1 Bg2 Rg1 Qxg1+
2025.10.05,16:27:05,Hightower210,RhysLWells,897,896,1/2-1/2,300,A21,,Game drawn by repetition,c4 e5 Nc3 c6 g3 Bc5 Bg2 Ne7 a3 a6 h3 b5 cxb5 axb5 Nxb5 Bb7 Nc3 O-O e3 d6 Nge2 Na6 d4 exd4 exd4 Ba7 Nb5 Qd7 Nxa7 Rxa7 O-O c5 Bxb7 Rxb7 dxc5 Nxc5 Kh2 Nb3 Rb1 Ng6 Nf4 Nxc1 Qxc1 Ne5 Kg2 Re8 Re1 Rc7 Qd2 Nc4 Rxe8+ Qxe8 Qd3 Ne5 Qxd6 Rd7 Qb4 Qa8+ Kh2 Nf3+ Kg2 Nh4+ Kf1 Qh1+ Ke2 Qf3+ Ke1 Qh1+ Ke2 Qf3+ Kf1 Qh1+ Ke2
2025.11.14,18:13:12,Mesange33,RhysLWells,822,845,0-1,300,C30,,RhysLWells won by resignation,e4 e5 f4 Nc6 Nf3 d6 Bc4 h6 O-O Qe7 d4 exd4 Nxd4 Nxd4 Qxd4 c5 Qf2 Nf6 e5 Ne4 exd6 Nxf2 dxe7 Bxe7 Kxf2 O-O c3 Bd7 Nd2 b5 Bd5 Rad8 c4 b4 b3 Rfe8 Bb2 Bd6 g3 a5 Ne4 Bb8 Nxc5 Ba7 Bd4 Bh3 Rfe1 Be6 Rad1 Bxd5 cxd5 Rxe1 Kxe1 Rxd5 h4 Bxc5 Bxc5 Rxc5 Rd3 f6 g4 Kh7 g5 hxg5 fxg5 f5 Rd7 Kg6 a4 bxa3 Ra7 Rb5 Ra6+ Kh5 Re6 a2
2025.11.14,18:06:30,RhysLWells,Babai124,837,808,1-0,300,B00,,RhysLWells won by resignation,d4 b6 e4 Bb7 Nc3 g6 Bd3 Bg7 Nge2 e6 Bf4 Ne7 Qd2 O-O f3 f5 e5 d6 O-O-O dxe5 Bxe5 Bxe5 dxe5 Nbc6 f4 Nb4 Nd4 c5 Nb3 Nxd3+ cxd3 Ba6 Ne2 c4 dxc4 Qxd2+ Nxd2 Nc6 b3 Bb7 Rhg1 Nb4 Kb2 Nd3+ Kc3 Nc5 Nd4 Ne4+ Nxe4 Bxe4 Nxe6 Rf7 Rd4 Re8 Ng5 Rc7 Nxe4 fxe4 Rxe4 b5 e6 bxc4 bxc4 Ree7 Rd1 Kg7 a4 Rc6 Rd7 Rc7 Rxc7 Rxc7 e7
2025.11.13,21:12:29,RememberMe000,RhysLWells,844,829,1-0,300,C00,,RememberMe000 won by checkmate,e4 e6 Bc4 c6 d4 b5 Bb3 Na6 Nf3 Bb7 Bg5 f6 Bh4 c5 e5 c4 exf6 Nxf6 Bxc4 bxc4 Ne5 Bxg2 Rg1 Be4 Nxc4 Be7 Nc3 Bg6 Qf3 Bh5 Qb7 Nb4 Bxf6 gxf6 Rg7 Nxc2+ Kf1 Nxa1 Ne4 Bf3 Ned6+ Kf8 Rf7+ Kg8 Qxf3 Bxd6 Nxd6 Qb8 Qg3#
2025.11.13,20:15:14,RhysLWells,Luxfalcon,837,818,1-0,300,D02,,RhysLWells won by checkmate,d4 d5 Nf3 Nc6 Bf4 e6 c3 Bd6 Bg3 Bd7 Ne5 Bxe5 dxe5 Nge7 e3 O-O Nd2 a5 Be2 b6 O-O f6 e4 Nxe5 exd5 Nxd5 Bxe5 fxe5 c4 Nf4 Bf3 Rb8 Ne4 Bc6 Qc2 Bxe4 Qxe4 Qg5 Rad1 h5 Rd2 h4 h3 Nxh3+ Kh1 Qxd2 gxh3 Qxb2 Bg4 Rxf2 Bxe6+ Kh8 Qxh4#
2025.11.12,19:41:59,Ragavano,RhysLWells,833,829,1-0,300,C10,,Ragavano won on time,e4 e6 d4 d5 exd5 Qxd5 Nc3 Qd6 Nb5 Qd5 c4 Qd8 Qa4 c6 Nc3 Bd7 Qb3 Qc7 d5 exd5 cxd5 c5 Bb5 a6 Bxd7+ Nxd7 Nf3 Bd6 O-O Ne7 Ne4 c4 Qc3 f6 Nfg5 Nxd5 Qe1 Bb4 Bd2 Bxd2 Nxd2+ Ne5 Ne6 Qd7 Nd4 O-O Nf5 Qxf5 f4 Nxf4 Nf3 Ned3 Qe7 Rae8 Qxb7 Qc5+ Kh1 Nf2+ Rxf2 Qxf2 Rg1 Ne2 Rd1 Ng3+ hxg3 Qxg3 Qxa6 Rf7 Qxc4 Re1+ Nxe1
2025.11.12,10:57:09,RhysLWells,wacr59,837,836,0-1,300,A46,,wacr59 won by checkmate,d4 Nf6 Nf3 e6 Nc3 Bb4 Bd2 d5 a3 Ba5 b4 Bb6 Na4 Qd6 g3 Bd7 Nc5 Bxc5 dxc5 Qe7 Bf4 c6 e3 b6 Bxb8 Rxb8 Rb1 O-O Ne5 Ne4 Nxd7 Qxd7 f3 Nc3 Qc1 Nxb1 Qxb1 bxc5 c3 cxb4 cxb4 a5 Bd3 g6 O-O axb4 axb4 Qd6 b5 cxb5 Bxb5 Qb6 Bd3 Qxe3+ Kg2 Rxb1 Bxb1 Rb8 Kh3 Qe2 Rc1 Qxf3 Ba2 Qf5+ g4 Qf3+ Kh4 Qf2+ Kg5 Qxa2 Rc7 Qd2+ Kf6 Qf4+ Ke7 Qxc7+ Kf6 Qd8+ Ke5 Kg7 g5 Qc7+ Kd4 Qc4+ Ke5 Qe4+ Kd6 Rb6+ Kc5 Qb4#
2025.11.12,10:55:41,FlowerVillain,RhysLWells,865,845,1-0,300,C10,,FlowerVillain won by resignation,d4 e6 e4 d5 Nc3 c6 Nf3 h6 Ne5 f6 Qh5+ g6 Qxg6+
2025.11.11,21:10:46,Chrisbo750,RhysLWells,860,853,0-1,300,A00,,RhysLWells won by checkmate,g4 d5 Bg2 c6 c4 Na6 cxd5 cxd5 h3 g5 Nc3 e6 d3 Bb4 Bd2 Qe7 a3 Bc5 b4 Bd6 b5 Nc7 a4 b6 Nf3 h6 Nd4 Nf6 Nc6 Qd7 h4 Nxg4 hxg5 h5 f3 Bg3+ Kf1 Nf2 Qc2 Nxh1 Bxh1 Bb7 Nd4 e5 Nb3 Qh3+ Kg1 Qh2+ Kf1 Qxh1#
2025.11.11,20:28:16,RhysLWells,777wz,844,908,0-1,300,D02,,777wz won on time,d4 d5 Nf3 Nc6 Bf4 Bg4 c3 Bxf3 gxf3 Qd7 Na3 O-O-O Qd3 e6 Bh3 f5 O-O-O Bxa3 bxa3 Na5 Be5 Nf6 Rhg1 Nc4 e4 Qb5 Qc2 Nxa3 Qb3 Qxb3 axb3 dxe4 Bxf6 gxf6 fxe4 fxe4 Bxe6+ Kb8 Bf5 Nb5 Kb2 Rhe8 Rde1 Nd6 Bxh7 Rd7 Bg6 Rg8 Bh5 Rxg1 Rxg1 a6 f4 Rh7 Rg8+ Ka7 Bg4 Rxh2+ Ka3 f5 Bd1 Nb5+ Kb4 Rh3 c4 Nxd4 Rc8 c6 Rd8 Ne6 Rd6 Nxf4 Rd4 Nd3+ Ka5 b6+ Ka4 Nb2+ Ka3 Nxd1 Rxd1 e3 Rd7+ Kb8 c5 b5 Kb4 e2 Ka5 e1=Q+ Kb6 Rh8
2025.11.10,20:56:06,RhysLWells,m87fawzy,851,868,0-1,300,D02,,m87fawzy won - game abandoned,d4 d5 Nf3 Nf6 Bf4 Bf5 c3 e6 h3 Bxb1 Qxb1 c5 e3 c4 b3 b5 bxc4 bxc4 Ne5 Qa5 Qc2 Ne4 Rb1 Ba3 Be2 O-O O-O f6 f3 Nxc3 Bxc4 dxc4 Nxc4 Ne2+ Qxe2 Qc3 Nxa3 Qxa3 Rfc1 Nd7 Qa6 Qxa6 Bd6 Rfd8
2025.11.10,20:35:06,Profise,RhysLWells,839,859,0-1,300,C02,,RhysLWells won by checkmate,d4 e6 e4 d5 e5 Nc6 c3 a6 b4 a5 b5 Na7 a4 c6 c4 Bb4+ Bd2 cxb5 cxb5 Ne7 g4 Bxd2+ Qxd2 Bd7 h4 h6 h5 Nac8 Nc3 Nb6 f3 Nc4 Bxc4 dxc4 Qe2 Rc8 Rb1 Nd5 Nxd5 exd5 Qd2 c3 Qd3 O-O Rc1 f6 Rxc3 Rxc3 Qxc3 fxe5 dxe5 Re8 Kd1 Be6 Ke1 d4 Qd3 Ba2 f4 Qe7 Kf2 Bd5 Rh2 Qb4 Ne2 Rd8 Nxd4 Bc4 Qe3 Qb2+ Kg3 Qb4 Rc2 Qxa4 Nf5 Rd3 Ne7+ Kh7 Qxd3+ Bxd3 Rd2 Bxb5 Nd5 Qa3+ Kf2 Qc5+ Ke1 Qg1#
2025.11.10,19:30:38,RhysLWells,sana053093,851,863,0-1,300,B00,,sana053093 won by checkmate,d4 e6 e4 d5 e5 Nc6 Nf3 Nh6 Bxh6 gxh6 Qd2 Qe7 a3 Bd7 c4 dxc4 Bxc4 Bg7 Nc3 h5 h4 f6 O-O fxe5 dxe5 O-O-O Bb5 Nxe5 Bxd7+ Rxd7 Qe3 Nxf3+ Qxf3 Rf8 Qxh5 Rf5 Qxh7 b6 Rad1 Rxd1 Rxd1 Rxf2 Kxf2 Bd4+ Ke2 Qxh7 Rxd4 Qc2+ Kf3 Qxb2 Ne2 Qxa3+ Kf2 Qc5 g3 e5 h5 exd4 h6 d3+ Ke1 dxe2 h7 Qh5 g4 Qxh7 Kxe2 Qe4+ Kf2 Qxg4 Ke3 a5 Kd3 a4 Kc3 b5 Kb2 Qe2+ Ka3 Qd3+ Kb4 Qc4+ Ka5 a3 Ka6 Qa4#
2025.11.09,18:17:04,RhysLWells,csmnjtr,859,866,1-0,300,A40,,RhysLWells won by resignation,d4 e5 Nf3 e4 Nfd2 d5 f3 f5 c4 c6 fxe4 fxe4 Nc3 Be6 c5 Qh4+ g3 Qd8 Bg2 Nf6 h3 g6 Nf1 Bg7 Bf4 Nbd7 Qd2 Nh5 Be3 Qf6 O-O-O Qe7 g4 Nhf6 Ng3 h5 g5 Nh7 h4 O-O-O Rdf1 Rdf8 Nd1 Rxf1 Rxf1 Rf8 Bf4 Bg4 Ne3 Be6 Qa5 b6 Qxa7
2025.11.08,20:05:57,RhysLWells,CaatingueiroBR,850,888,0-1,300,D02,,CaatingueiroBR won on time,d4 d5 Nf3 Nc6 c3 e6 Nbd2 Bd6 b3 e5 e3 e4 Ng1 Bf5 f3 exf3 Ngxf3 g6 c4 dxc4 Nxc4 Nb4 Nxd6+ Qxd6 e4 Bxe4 Ba3 O-O-O Bxb4 Qxb4+ Qd2 Qb6 Ne5 Rxd4 Nc4 Qc5 Qe2 Nf6 Ne3 Qb4+ Kf2 Re8 Qb5 Qd2+ Kg3 Qxe3+ Kh4 g5+ Qxg5 Qf2+ g3 Bxh1+ Qg4+ Rxg4+
2025.11.08,19:00:32,akhilendra99,RhysLWells,849,857,0-1,300,C46,,RhysLWells won on time,e4 Nc6 Nc3 e5 Nf3 f6 d4 d6 d5 Nce7 Bb5+ Bd7 a4 a6 Bc4 c6 O-O cxd5 Nxd5 Be6 Nxe7 Bxc4 Nc6 bxc6 Re1 d5 exd5 Bxd5 Be3 Bxf3 Qxf3 Ne7 c4 Rc8 a5 c5 Red1 Qc7 Qe4 Ng6 Qd5 Be7 g3 Rd8 Qe6 Rxd1+ Rxd1 Nf8 Qxa6 Kf7 Qb5 Ne6 Rd7 Qb8 Qc6 Rd8 Bxc5 Nxc5 Rxd8 Qxd8 a6 Nxa6 Qxa6 Qd1+ Kg2 Qd3 c5 Qxa6
2025.11.08,18:51:05,RhysLWells,3LH,849,845,1/2-1/2,300,C44,,Game drawn by repetition,e4 e5 Nf3 Nc6 d3 g6 Be3 Bg7 h3 Nf6 Nc3 O-O Nd5 d6 c4 Nxd5 cxd5 Nb4 a3 Na6 d4 c6 Bxa6 bxa6 dxc6 exd4 Nxd4 Re8 f3 d5 Bf2 dxe4 O-O e3 Bxe3 Rxe3 Re1 Bxd4 Rxe3 Bxe3+ Kh1 Qxd1+ Rxd1 Be6 Re1 Bb6 g4 Rc8 Rc1 Bd5 Re1 Rxc6 Kg2 Rc2+ Kg3 Rxb2 Rd1 g5 Rxd5 Bc7+ f4 Bxf4+ Kf3 Ra2 Ke4 Rxa3 Kf5 Kg7 h4 h6 hxg5 hxg5 Rd4 Rb3 Ra4 Rb5+ Ke4 a5 Kd3 a6 Kc4 Bd2 Kd3 Bf4 Kc2 Be3 Kd3 Bf4
2025.11.08,18:48:15,Muhammad22Nouri,RhysLWells,829,849,0-1,300,A40,,RhysLWells won by checkmate,d4 e5 dxe5 Nc6 f4 f6 e3 fxe5 fxe5 Nxe5 Nf3 Nxf3+ Qxf3 Qf6 Qh5+ g6 Qd1 Bd6 Bd2 b6 Qe2 Bb7 Nc3 Ne7 O-O-O Bc6 Qa6 Nd5 Nxd5 Bxd5 Bb5 c6 Qb7 O-O Bd3 Bxa2 Qxd7 Ba3 bxa3 Qa1#
2025.11.08,18:37:30,persin24,RhysLWells,849,841,1-0,300,C20,,persin24 won by checkmate,e4 e5 Qh5 Nc6 Bc4 g6 Qd1 f6 Nc3 a6 Bd5 Nge7 Bxc6 Nxc6 Nf3 Bh6 d3 Bxc1 Qxc1 d6 Qh6 Qe7 Nd5 Qf7 h4 Be6 Ne3 Nd4 Nxd4 exd4 Nc4 Bxc4 dxc4 Qxc4 Qg7 Rf8 Qxh7 Qb4+ Kd1 Qxb2 Rc1 Qxa2 Qxg6+ Kd8 h5 d3 Qg7 dxc2+ Rxc2 Qa1+ Rc1 Qd4+ Ke1 Qxe4+ Kf1 Qd3+ Kg1 Re8 Qxc7#
2025.11.08,13:51:42,virsta,RhysLWells,814,849,0-1,300,C55,,RhysLWells won by checkmate,e4 e5 Nf3 Nc6 Bc4 Nf6 d3 a6 a3 b5 Ba2 Bb7 Ng5 d5 exd5 Nxd5 O-O f6 Ne6 Qe7 Qg4 Nd8 Re1 Nxe6 Bxd5 Bxd5 c4 bxc4 dxc4 Bc6 Nc3 g6 Nd5 Bxd5 cxd5 Nd4 Qxd4 exd4 Rxe7+ Bxe7 Bf4 Bd6 Bxd6 cxd6 Re1+ Kf7 h3 Rac8 b4 Rc3 a4 d3 Rd1 a5 b5 Rb8 f3 f5 Kf2 Kf6 Ke3 Re8+ Kd4 Ra3 Kc4 Rxa4+ Kxd3 Rb4 Rc1 Rb8 Rc6 Ke5 Rc7 R8xb5 Re7+ Kxd5 Rxh7 Rb3+ Kc2 a4 Rh6 Rc5+ Kd2 Rb2+ Ke3 Rc3+ Kf4 Rb4+ Kg3 a3 Rxg6 a2 Rg8 a1=Q Rf8 f4+ Rxf4 Rxf4 Kxf4 Qc1+ Kg4 Qh1 Kg3 Ke6 h4 d5 Kg4 d4 h5 d3 Kg5 d2 h6 d1=Q Kg6 Qd3+ Kg7 Qd7+ Kg6 Qxg2+ Kh5 Rc5+ Kh4 Qd4+ f4 Qxf4#
2025.11.08,13:48:56,RhysLWells,Falzz31,841,875,0-1,300,C55,,Falzz31 won by resignation,e4 e5 Nf3 Nc6 Bc4 Nf6 d3 h6 h3 Bc5 Nc3 d6 Qe2 O-O Be3 Bxe3 Qxe3 a6 a3 b5 Ba2 Be6 Bxe6 fxe6 a4 Nd4 Nxd4 exd4 Qxd4 e5 Qe3 Nh5 g4 Nf4 Ne2 Ng2+
2025.11.08,11:15:06,RhysLWells,JinoBa95,849,841,0-1,300,D00,,JinoBa95 won - game abandoned,d4 d5
2025.11.07,20:57:08,rotten_mango,RhysLWells,824,858,0-1,300,C45,,RhysLWells won by resignation,e4 e5 Nf3 Nc6 d4 f6 dxe5 fxe5 Bd3 d6 O-O Nf6 c3 g6 Bg5 Bg7 Nbd2 Be6 Bc2 Qe7 b3 O-O-O Rc1 h6 Be3 g5 c4 Ng4 h3 Nxe3 fxe3 g4 hxg4 Bxg4 Qe1 Nb4 a3 Nxc2 Rxc2 h5 b4 h4 Qb1 Rdf8 b5 Bxf3 Nxf3 Bh6 b6 cxb6 a4 Bxe3+ Kh1 h3 g3 Rf7 Re2 Bc5 Ref2 Bxf2
2025.11.07,14:28:02,RhysLWells,RosenzweigMexico,850,883,0-1,300,C00,,RosenzweigMexico won by checkmate,d4 e6 Nf3 b6 e4 Bb7 e5 h6 Nc3 Bb4 Bd2 Bxc3 Bxc3 Ne7 Be2 Nf5 g4 Nh4 Rg1 Ba6 Qd2 Bxe2 Qxe2 d6 exd6 Qxd6 O-O-O Qd5 Nxh4 Qxa2 Nf5 O-O Ne7+ Kh8 d5 exd5 Nxd5 Nc6 Nb4 Qa4 Nxc6 Rae8 Qd2 Qa1#
2025.11.07,14:26:52,RhysLWells,Hhhabc,858,860,0-1,300,D02,,Hhhabc won by resignation,d4 d5 Nf3 e6 Bf4 Bd6 Bg3 Bxg3 hxg3 Nf6 Nbd2 h6 g4 Nxg4 Nh2 Nxh2 Rxh2 O-O g4 Qd6 e4 Qxh2 Bg2 Qxg2
2025.11.07,12:57:51,t_zyn,RhysLWells,870,866,0-1,300,A40,,RhysLWells won by resignation,d4 e6 Bf4 Nc6 e3 d5 Nf3 Nf6 Bd3 Bd6 c3 Ne4 Bxe4 dxe4 Ne5 Nxe5 Bxe5 Bxe5 dxe5 Qxd1+ Kxd1 O-O Ke2 f5 exf6 Rxf6 Nd2 Bd7 Nxe4 Rh6 Rad1 Bc6 Ng5 Bxg2 Rhg1 Bd5 f3 Bxa2 e4 e5 Rd7 Rxh2+ Ke3 Rxb2 Rxc7 Rb3 Ne6 g6 Ng5 h6 Nh3 g5 Nf2 b5 Ng4 b4 Nxe5 bxc3 Nd3 c2 Rxc2 Rd8 Rd1 Rbxd3+ Rxd3 Rxd3+ Kxd3 Bb1 Kc3 Bxc2 Kxc2 h5 Kd3 h4 Ke3 h3 Kf2 a5 Kg3 a4 e5 a3 Kxh3 a2 Kg4
2025.11.07,09:28:26,spotcheetah,RhysLWells,897,858,1-0,300,C46,,spotcheetah won on time,e4 e5 Nc3 Nc6 Nf3 Bc5 Bb5 f6 d3 a6 Bxc6 bxc6 O-O d5 exd5 cxd5 d4 e4 Re1 Bb6 Bf4 Ne7 Nh4 Ng6 Nxg6 hxg6 Na4 Ba5 c3 c6 b4 Bc7 Bxc7 Qxc7 c4 Qxh2+ Kf1 Qh1+ Ke2 Bg4+ f3 exf3+ Kd3+ Qxe1 Qxe1+ Kf7 gxf3 Rh3 cxd5 cxd5 Kc3 Rxf3+ Kc2 Rc8+ Nc5 Bf5+ Kb2 g5 Qh1 Rf2+ Kb3 g4 Qxd5+ Kg6 Qb7 Rf3+ Kc4 Re8 Qc7 Be6+ d5 Rf4+ Kb3 Rf3+ Ka4 Rc8 Qxg7+
2025.11.06,20:20:23,RhysLWells,DalarnaDan,865,839,1-0,300,D02,,RhysLWells won by resignation,d4 d5 Nf3 e6 c3 c5 Bf4 Nf6 e3 c4 Nbd2 Bd6 Ne5 Ne4 Nxe4 dxe4 Nxc4 Bxf4 exf4 f5 Ne5 Nc6 Bb5 Bd7 Nxd7 Qxd7 Qh5+ g6 Qh6 O-O-O O-O a6 Be2 Ne7 f3 e3 Rfe1 Nd5 c4 Nb4 Red1 Kb8 a3 Nc2 Rac1 Nxd4 Bd3 Qc6 Re1 Nb3 Rcd1 Qb6 Bc2 e2+ Kh1 exd1=Q Bxd1 Nc5 Qg7 Qxb2 Qxb2 Nd3 Qe2 Nxe1 Qxe1 Rd6 Ba4 Rhd8 h3 Rd1 Bxd1
2025.11.06,20:13:32,DalarnaDan,RhysLWells,847,857,0-1,300,B00,,RhysLWells won by resignation,e4 e6 d4 d5 e5 Nc6 Nf3 h6 Nc3 Nge7 Be2 a6 Kf1 Nf5 Bd3 Nh4 Nxh4 Qxh4 g3 Qxd4 Be3 Qb4 Rb1 Nxe5 Kg2 d4 Bd2 dxc3 Bxc3 Qc5 b4 Qd5+ Kg1 Nf3+ Kf1 b5 Qe2 Bb7 Be4 Qxe4 Qxe4 Bxe4 Ke2 Ng5 h4 Bxh1 Rxh1 Ne4 Be5 Bd6 Bxd6 Nxd6 Rd1 Rd8 Rd3 O-O a3 Nc4 f4 Rxd3 cxd3 Nxa3
2025.11.06,20:08:59,lllArthurlll,RhysLWells,822,849,0-1,300,B00,,RhysLWells won by resignation,e4 e6 d4 d5 e5 Nc6 Nf3 f6 Be2 a5 O-O Na7 c3 b5 Nbd2 b4 h3 Nh6 Nb3 c6 Bxh6 gxh6 Nh4 f5 Bh5+ Kd7 a3 Qxh4 Bf3 bxc3 bxc3 Nb5 Qd3 Ba6 Qd2 Nxa3 Nxa5 Bxf1 Rxa3 Bxa3 Qa2 Rxa5
2025.11.06,19:52:35,RhysLWells,newchessanalysis,841,840,0-1,300,D02,,newchessanalysis won - game abandoned,d4 d5 Nf3 Nc6 e3 Nf6 c3 Bg4 h3 Bxf3 Qxf3 e5 Be2 e4 Qf4 Bd6 Qg5 h6 Qxg7 Rf8 f4 exf3 Bxf3 Rg8 Qxh6 Bg3+ Ke2 Ne4 Nd2 Nf2 Rf1 Qe7 Rxf2 Bxf2 Kxf2 O-O-O c4 dxc4 Nxc4 Rge8 Bxc6 bxc6 Qxc6 Rxd4
2025.11.06,19:15:50,RhysLWells,Jd7840,849,878,0-1,300,A40,,Jd7840 won by checkmate,d4 e5 dxe5 Nc6 Bf4 d5 exd6 Bxd6 Bxd6 Qxd6 Qxd6 cxd6 Nc3 Nb4 O-O-O Be6 b3 Nf6 Nf3 a5 e3 a4 Bb5+ Ke7 Nxa4 Nxa2+ Kb2 Nb4 Nc3 Bg4 Ra1 Rac8 Ra7 Rc7 h3 Bxf3 gxf3 Rhc8 e4 Rxc3 Rxb7+ Kf8 Bc4 Rxc2+ Ka3 Nc6 Bxf7 Ra8+ Ra7 Rxa7#
2025.11.06,18:23:55,Rifff07,RhysLWells,862,857,1-0,300,C20,,Rifff07 won on time,e4 e5 Qh5 Nc6 Bc4 g6 Qf3 f6 Nc3 Nd4 Qd1 a6 Nf3 b5 Bd3 Ne6 Be2 Bb7 d3 Bc5 a3 d5 exd5 Nd4 Nxd4 Bxd4 Bd2 Bxc3 Bxc3 Bxd5 O-O Ne7 Bf3 O-O Bxd5+ Nxd5 Qf3 Nxc3 bxc3 Qd7 d4 Rae8 Rad1 e4 Qg3 Re7 d5 Rfe8 d6 cxd6 Rxd6 Qa7 Rxf6 e3 h3 e2 Re1 Rf7 Rxg6+ hxg6 Qxg6+ Rg7 Qd3 Qb7 g3 Qc8 h4 Qh3 Qd5+ Kh8 Qh5+ Kg8 Qd5+ Qe6 Qd3 Qf7 c4 bxc4 Qd2 c3 Qxc3 Rf8 Rxe2 Rxg3+ Qxg3+ Kh8 Qc3+ Kg8 Kf1 Qd7 Ke1 Qh3 Qxh3
2025.11.05,16:36:25,RhysLWells,KidVuk,865,887,0-1,300,D02,,KidVuk won on time,d4 d5 Nf3 Bf5 Bf4 e6 h3 Nf6 e3 Bd6 g4 Be4 Bg5 h6 Bxf6 Qxf6 Be2 Nc6 Rg1 Nb4 Na3 Nc6 Nd2 Bg6 f4 Bxf4 exf4 Qxf4 Rf1 Qg3+ Rf2 Nxd4 Nf3 Nxe2 Qxe2 Qxh3 Ne5 Qh1+ Rf1 Qh4+ Rf2 Qg5 Nxg6 Qxg6 O-O-O O-O Rg1 c5 g5 hxg5 Rh2 f5 Qh5 Qxh5 Rxh5 a6 Rgxg5 b5 b3 b4 Nb1 a5 c3 bxc3 Nxc3 Rf6 Rg1 d4 Nb5 Raf8 Nd6 f4 Rxc5 f3 Ne4 Rf4 Nf2 Rh4 Rg4 Rh2 Rc2 e5 Rg5 e4 Nxe4 Rxc2+ Kxc2 f2 Nxf2 Rxf2+ Kd3 Rh2
2025.11.05,16:31:22,noma0,RhysLWells,895,873,1-0,300,A40,,noma0 won by checkmate,d4 e5 dxe5 Nc6 Nf3 d6 exd6 Bxd6 Nc3 Bb4 Bd2 Bxc3 Bxc3 Qxd1+ Rxd1 Be6 e4 Bxa2 b3 Rd8 Be2 Rxd1+ Bxd1 Nge7 O-O O-O Be2 Ng6 Ra1 Bxb3 cxb3 Nf4 Kf1 a6 Ne5 Nxe5 Bxe5 c6 Bxf4 Re8 f3 h6 Rd1 g5 Be3 Kg7 Rd7 b5 Rc7 Re6 Ra7 a5 Rxa5 Kg6 h3 f5 Kf2 fxe4 fxe4 Rxe4 Bd3 Kf5 Bxe4+ Kxe4 Bc5 h5 Ra6 Kd5 Be7 g4 hxg4 hxg4 Kg3 Ke6 Bh4 Kf5 Rxc6 b4 Rb6 Ke4 Rxb4+ Kd3 Rxg4 Kc3 b4 Kd3 b5 Ke2 b6 Kf1 b7 Kg1 b8=Q Kh1 Qb1#
2025.11.05,16:21:01,RhysLWells,yasssssslll,881,895,0-1,300,D04,,yasssssslll won on time,d4 d5 Nf3 Nf6 e3 Bf5 c4 e6 h3 Ne4 Bd3 Bb4+ Bd2 Bxd2+ Nfxd2 Qh4 g3 Nxg3 fxg3 Qxg3+ Kf1 Bxh3+ Rxh3 Qxh3+ Ke1 Qh1+ Bf1 Qh4+ Ke2 Qh2+ Ke1 Qg3+ Ke2 dxc4 Qa4+ Nc6 Qxc4 Qh2+ Ke1 h5 Nc3 Rd8 d5 Qg3+ Kd1 Qg4+ Be2 Qxc4 Bxc4 exd5 Nxd5 Rd7 e4 Ne5 Bb3 h4 Kc2 h3 Nf4 Ng6 Nxg6 fxg6 Nf3 g5 Nxg5 Rd4 Bf7+ Kd7 Bg6 h2 Rh1 Rc4+ Kd1 b5 e5 Rd4+ Ke2 c5 e6+ Ke7 Bf5 Rd5 Rf1 Re5+ Kd2 h1=Q Rxh1 Rxh1 Kd3 Rh2 Nf3 c4+ Kd4 Rxb2
2025.11.05,13:21:52,arisfal94,RhysLWells,876,889,0-1,300,C46,,RhysLWells won by checkmate,e4 e5 Nf3 Nc6 Nc3 Bc5 Bb5 a6 Bxc6 bxc6 d4 exd4 Nxd4 Qf6 Be3 d5 O-O Ne7 Nb3 Bxe3 fxe3 Qg6 exd5 Bh3 Qf3 Bf5 Nd4 c5 Nxf5 Nxf5 Qe4+ Ne7 Qf3 O-O e4 f5 Rae1 fxe4 Qxe4 Rxf1+ Kxf1 Rf8+ Kg1 Qf7 Qxe7 Qf2+ Kh1 Qf1+ Rxf1 Rxf1#
2025.11.05,09:08:05,RhysLWells,babishag,881,853,1-0,300,A40,,RhysLWells won on time,d4 e5 Nf3 Nc6 d5 e4 Ng1 Nb8 Bf4 d6 f3 exf3 Nxf3 Bg4 e4 Qf6 Bg5 Qxb2 Nbd2 Qc3 h3 Bxf3 gxf3 f6 Bh4 Qe3+ Be2 Qh6 Bf2 Nd7 Nc4 O-O-O Rb1 b6 Be3 Qh4+ Bf2 Qf4 c3 Ne5 Ne3 Ne7 Ng2 Qg5 Rg1 f5 Ne3 Qf6 Ba6+ Kb8 exf5 Nxf5 Nxf5 Qxf5 Be2 g6 c4 Bg7 Bd4 Nxf3+ Bxf3 Bxd4 Qxd4 Qxb1+ Kf2 Qxa2+ Kg3 Qb3 Rg2 Rhf8 Rf2 Qb1 Kg2 Qf5 Bg4 Qg5 Rxf8 Rxf8 Kg3 Qh6 h4 g5 hxg5
2025.11.04,21:11:12,RhysLWells,ch3ckma83,873,892,0-1,300,A40,,ch3ckma83 won on time,d4 e5 dxe5 f6 Nf3 fxe5 Nxe5 Qf6 Nd3 Nc6 Nd2 Nd4 c3 Nc6 Ne4 Qg6 f3 d5 Nf4 Qf5 g4 Qf7 Ng3 Bd6 e3 Nf6 Bd3 O-O Ngh5 Nxh5 Nxh5 Qxf3 Qxf3 Rxf3 Bd2 Bxg4 Ng3 Rff8 Ne2 Bf3 Rf1 Bxh2 O-O-O Ne5 Bb5 c6 Ba4 b5 Bc2 a5 Nd4 c5 Nxf3 Nxf3 Be1 Ne5 Rxf8+ Rxf8 e4 d4 cxd4 cxd4 Rxd4 Nf3 Bb3+ Kh8 Rd1 Bf4+ Kc2 Rc8+ Bc3 h6 Be6 Rc6 Rd8+ Kh7 e5 Bxe5 Bf5+ g6 Bxg6+ Kxg6 Rd7 Bxc3 Rd6+ Bf6+ Kd3 Rxd6+
2025.11.03,17:39:06,Ahillezzz75,RhysLWells,855,881,0-1,300,C23,,RhysLWells won by checkmate,e4 e5 Bc4 Nc6 c3 a6 d3 b5 Bd5 Qf6 Nf3 Bb7 Be3 Nge7 Nbd2 Nxd5 exd5 Ne7 O-O Bxd5 Re1 Bxf3 Nxf3 d5 Bc5 Nc6 d4 e4 a4 Bxc5 dxc5 O-O axb5 axb5 Rxa8 Rxa8 Qxd5 h6 Nd4 Nxd4 cxd4 Re8 Rxe4 Rxe4 Qxe4 b4 b3 c6 h3 g6 Qe1 Qxd4 Qe8+ Kg7 Qxc6 Qd1+ Kh2 Qxb3 Qc7 Qc3 c6 b3 Qb7 b2 c7 Qxc7+ Qxc7 b1=Q Qe5+ Kh7 Qf6 Qb8+ g3 Qa7 h4 h5 Kh3 Qd7+ Kg2 Qd5+ Kh3 Qh1#
2025.11.02,20:06:53,Zeekar,RhysLWells,843,873,0-1,300,B00,,RhysLWells won by resignation,e4 e6 d4 d5 e5 Nc6 Nf3 f6 Bb5 Bd7 Bf4 f5 Ng5 a6 Bxc6 Bxc6 Nxe6 Qe7 Nc5 b6 Nb3 h6 O-O g5 Qh5+ Kd7 Bxg5 Qxg5 Qf7+ Ne7 e6+ Kc8 Nc3 Rg8 g3 Bg7 h4 Qg4 Qxe7 f4 Qf7 fxg3 Qxg8+ Kb7 f3 Bxd4+ Kg2 Qxg8 Rae1 Bxc3 bxc3 Re8 Nd4 Bb5 Nxb5 axb5 f4 Rxe6 f5 Rxe1 Rxe1 d4 cxd4 Qd5+ Kxg3 Qxf5 c3 Qd3+ Kf2 Qxc3 d5 Qd4+ Kg3 Qxd5 a3 Qd6+ Kg4 Qxa3 Kh5 Qb4 Rg1 Qc5+
2025.11.02,19:56:08,Deeslayor9,RhysLWells,827,865,0-1,300,B00,,RhysLWells won on time,e4 e6 d4 d5 e5 Nc6 Nf3 f6 Bf4 f5 c3 Bd7 Bd3 Nge7 Bg5 h6 Bxe7 Qxe7 O-O O-O-O Qe2 Na5 b4 Nc4 Bxc4 dxc4 Qxc4 a6 a4 Kb8 b5 a5 Qd3 b6 c4 g5 Nc3 g4 Nd2 h5 f3 g3 hxg3 Rg8 Kf2 Qg5 g4 hxg4 fxg4 Qxg4 Ke1 Qh4+ Rf2 Bh6 Nf1 Be8 Ne2 Bg6 Qf3 f4 g3 fxg3 Qxg3 Qh5 Nf4 Bxf4 Rxf4 Rdf8 Rxf8+ Rxf8 Qg2 Qh4+ Ng3 Qxd4 Rd1 Qc3+ Ke2 Rg8 Ne4 Bh5+ Kf2 Rxg2+ Kxg2 Qf3+ Kg1 Qxd1+
2025.11.02,14:59:40,RhysLWells,Elea_srl,858,828,1-0,300,A41,,RhysLWells won by checkmate,d4 d6 Nf3 Nd7 Bf4 Nb6 b3 Bf5 Nbd2 f6 h3 e5 dxe5 fxe5 Bg3 Nf6 e3 Nbd5 Nh4 Be6 f4 Nc3 Qf3 Bd5 e4 Ncxe4 Nxe4 Bxe4 Qe2 Be7 fxe5 dxe5 Rd1 Bd6 Bxe5 O-O Bxd6 cxd6 Qc4+ Bd5 Rxd5 Nxd5 Qxd5+ Kh8 Nf3 Re8+ Kf2 Qb6+ Nd4 Rac8 c4 Rf8+ Kg3 Qa5 Qxa5 Rce8 Qxa7 Re3+ Kh2 h5 Nf3 Re7 Bd3 g5 Nxg5 Rf2 Qxf2 h4 Qf8#
2025.11.02,14:05:02,Priyanshu_kr_05,RhysLWells,843,850,0-1,300,C50,,RhysLWells won on time,e4 e5 Nf3 Nc6 Bc4 f6 O-O Bc5 c3 a6 d4 Na5 Bxg8 Rxg8 dxc5 Qe7 Be3 b6 cxb6 c6 b4 Nc4 Bc5 d6 Be3 Bb7 Qb3 Nxe3 Qxg8+ Qf8 Qxf8+ Kxf8 fxe3 a5 Nbd2 axb4 cxb4 Rb8 Nc4 d5 exd5 cxd5 Nd6 Ba6 b5 Rxb6 bxa6 Rxa6 Nb5 e4 Nfd4 Kf7 a3 Kg6 Rac1 Rb6 Rc7 h5 Rfc1 Rb8 Rc8 Rb7 R1c7 Rb6 a4 Ra6 Ra7 Rb6 a5 Rb8 Rcc7 Kg5 a6 h4 Rab7 Rh8 a7 g6 Rb8 Rxb8 axb8=Q f5 Qg8 Kh5 Rc6 g5 Qh7+ Kg4 h3+ Kg3 Qxf5 g4
2025.11.02,13:57:41,RhysLWells,ma87th,842,840,1-0,300,C02,,RhysLWells won by resignation,e4 e6 Nf3 d5 e5 c5 d4 Nc6 c3 Qb6 dxc5 Bxc5 Nd4 Nxd4 cxd4 Bxd4 Bd3 Bxb2 Bxb2 Qxb2 Nd2 Qc3 Qe2 Qxa1+ Nb1 Bd7 O-O Ne7 Bb5 Nc6 Na3 Qd4 Rd1 Qb6 Rb1 Qa5 Bxc6 Bxc6 Nc2 Qxa2 Rb4 O-O Nd4 Rac8 Qxa2 h6 h3 b6 Qxa7 Ra8 Qxb6 Ra1+ Kh2 Be8 Rb1 Ra2 f3 f6 exf6 gxf6 Qxe6+ Bf7 Qg4+ Kh7 Nf5 Rg8 Qd4 Raxg2+ Kh1 R8g5 Nh4 R2g3 Qxf6 Rh5 Qxf7+ Rg7 Qxh5
